"","name","degree","betweenness_centrality","closeness_centrality","eigenvector_centrality","Abundance","module","z","p","taxa_roles","Kingdom","Phylum","Class","Order","Family","Genus","Species"
"OTU_50","OTU_50",2,0,0.000904876300845433,0.0348588491436948,0.167666666666667,"M2",-1.27471000359633,0,"Peripheral nodes","k__Bacteria","p__Proteobacteria","c__Betaproteobacteria","o__Burkholderiales","f__Comamonadaceae","g__","s__"
"OTU_305","OTU_305",3,4,0.171182251299291,0,0.101555555555556,"M8",1.11803398874989,0,"Peripheral nodes","k__Bacteria","p__Proteobacteria","c__Deltaproteobacteria","o__Syntrophobacterales","f__Syntrophaceae","g__Syntrophus","s__"
"OTU_1","OTU_1",21,2,0.00108392164059597,0.515116850270273,1.02644444444444,"M2",0.0018663396831572,0,"Peripheral nodes","k__Bacteria","p__Firmicutes","c__Clostridia","o__Clostridiales","f__Clostridiaceae 1","g__Clostridium sensu stricto 13","s__"
"OTU_41","OTU_41",1,0,0.000635030654648558,0.000134072732571687,0.116777777777778,"M14",-0.577350269189626,0,"Peripheral nodes","k__Bacteria","p__Actinobacteria","c__Actinobacteria","o__PeM15","f__","g__","s__"
"OTU_59","OTU_59",3,2306,0.000892181210019923,0.0102106912407419,0.407111111111111,"M6",0,0.444444444444444,"Peripheral nodes","k__Bacteria","p__Bacteroidetes","c__Bacteroidia","o__","f__Draconibacteriaceae","g__","s__"
"OTU_2733","OTU_2733",1,0,1.40532821762182,0,0.0474444444444444,"M17",NA,NA,NA,"k__Bacteria","p__Acidobacteria","c__Acidobacteria","o__Subgroup 4","f__RB41","g__","s__"
"OTU_4050","OTU_4050",2,4,0.0122395567778051,8.23187056872254e-18,0.0142222222222222,"M4",-0.295393520039156,0,"Peripheral nodes","k__Bacteria","p__Acidobacteria","c__Acidobacteria","o__Subgroup 15","f__","g__","s__"
"OTU_4147","OTU_4147",23,2412,0.0012500341711392,0.00164372158612218,0.0451111111111111,"M3",2.97029270797519,0.476370510396975,"Module hubs","k__Bacteria","p__Proteobacteria","c__Gammaproteobacteria","o__Cellvibrionales","f__Halieaceae","g__Halioglobus","s__"
"OTU_12367","OTU_12367",2,1,0.69612759902429,1.64637411374451e-17,0.0197777777777778,"M12",1.15470053837925,0,"Peripheral nodes","k__Bacteria","p__Actinobacteria","c__Actinobacteria","o__Micrococcales","f__Microbacteriaceae","g__","s__"
"OTU_1646","OTU_1646",5,62,0.0012398986674893,0.00121519658142659,0.0304444444444444,"M1",-0.708751260048878,0.32,"Peripheral nodes","k__Bacteria","p__Proteobacteria","c__Gammaproteobacteria","o__","f__","g__Marinicella","s__"
"OTU_55","OTU_55",3,0,0.00100848734103779,0.0824535354200721,0.171666666666667,"M2",-1.20752177500268,0,"Peripheral nodes","k__Bacteria","p__Acidobacteria","c__Acidobacteria","o__Subgroup 4","f__RB41","g__","s__"
"OTU_84","OTU_84",1,0,0.000631461011704402,0.000138881424974243,0.279555555555556,"M14",-0.577350269189626,0,"Peripheral nodes","k__Bacteria","p__Actinobacteria","c__Acidimicrobiia","o__Acidimicrobiales","f__Acidimicrobiaceae","g__Illumatobacter","s__"
"OTU_3303","OTU_3303",3,6,0.19725946493932,0,0.0653333333333333,"M8",1.11803398874989,0,"Peripheral nodes","k__Bacteria","p__Bacteroidetes","c__Bacteroidetes vadinHA17","o__","f__","g__","s__"
"OTU_16","OTU_16",3,7,0.189374616821349,8.23187056872254e-18,0.377111111111111,"M7",1.11803398874989,0,"Peripheral nodes","k__Bacteria","p__Chloroflexi","c__KD4-96","o__","f__","g__","s__"
"OTU_12","OTU_12",2,4,0.154447465559098,0,0.705888888888889,"M8",0,0,"Peripheral nodes","k__Bacteria","p__Bacteroidetes","c__Bacteroidetes vadinHA17","o__","f__","g__","s__"
"OTU_117","OTU_117",3,667,0.00075384658464497,0.00437626117119534,0.118333333333333,"M14",1.15470053837925,0.444444444444444,"Peripheral nodes","k__Bacteria","p__Chlorobi","c__Ignavibacteria","o__Ignavibacteriales","f__PHOS-HE36","g__","s__"
"OTU_25","OTU_25",3,6,0.189374616821349,0,0.326888888888889,"M7",1.11803398874989,0,"Peripheral nodes","k__Bacteria","p__Chloroflexi","c__KD4-96","o__","f__","g__","s__"
"OTU_13824","OTU_13824",18,8,0.00107898004117459,0.442518995235456,0.207444444444444,"M2",-0.199698346097815,0,"Peripheral nodes","k__Bacteria","p__Firmicutes","c__Clostridia","o__Clostridiales","f__Clostridiaceae 1","g__Clostridium sensu stricto 13","s__"
"OTU_102","OTU_102",2,0,0.134220663442242,0,0.252222222222222,"M7",0,0,"Peripheral nodes","k__Bacteria","p__Proteobacteria","c__Betaproteobacteria","o__Nitrosomonadales","f__Nitrosomonadaceae","g__","s__"
"OTU_78","OTU_78",2,334,0.000738671482846212,0.000295601301779568,0.0771111111111111,"M6",0,0,"Peripheral nodes","k__Bacteria","p__Verrucomicrobia","c__Verrucomicrobiae","o__Verrucomicrobiales","f__Verrucomicrobiaceae","g__","s__"
"OTU_79","OTU_79",1,0,0.123158867413269,6.17390292654191e-18,0.140222222222222,"M7",-1.11803398874989,0,"Peripheral nodes","k__Bacteria","p__Chloroflexi","c__KD4-96","o__","f__","g__","s__"
"OTU_151","OTU_151",1,0,0.000877842476066737,0.0114999928708732,0.0351111111111111,"M2",-1.34189823218999,0,"Peripheral nodes","k__Bacteria","p__Verrucomicrobia","c__Verrucomicrobiae","o__Verrucomicrobiales","f__Verrucomicrobiaceae","g__","s__"
"OTU_2562","OTU_2562",1,0,0.0135404875628957,0,0.0101111111111111,"M4",-0.704399932401065,0,"Peripheral nodes","k__Bacteria","p__Actinobacteria","c__Thermoleophilia","o__Gaiellales","f__","g__","s__"
"OTU_109","OTU_109",9,273,0.00122272506480599,0.000864078977179988,0.130333333333333,"M3",0.980196593631814,0.345679012345679,"Peripheral nodes","k__Bacteria","p__Proteobacteria","c__Alphaproteobacteria","o__Rhizobiales","f__Rhodobiaceae","g__Anderseniella","s__"
"OTU_4731","OTU_4731",41,2782,0.00133561729717758,0.877446238006426,0.0457777777777778,"M2",1.27844268296265,0.0475907198096371,"Peripheral nodes","k__Bacteria","p__Firmicutes","c__Bacilli","o__Bacillales","f__Bacillaceae","g__Bacillus","s__"
"OTU_220","OTU_220",5,6,0.00107767605016898,0.000228719935930037,0.314333333333333,"M3",0.41159770381942,0,"Peripheral nodes","k__Bacteria","p__Proteobacteria","c__Gammaproteobacteria","o__","f__","g__Marinicella","s__"
"OTU_2835","OTU_2835",1,0,0.00104035251904651,0.000235589797871546,0.0126666666666667,"M1",-1.00471332468467,0,"Peripheral nodes","k__Bacteria","p__Proteobacteria","c__Deltaproteobacteria","o__Sva0485","f__","g__","s__"
"OTU_11","OTU_11",1,0,0.000891084211326901,7.97141401653513e-06,0.322555555555556,"M3",-0.725600075805369,0,"Peripheral nodes","k__Bacteria","p__Proteobacteria","c__Epsilonproteobacteria","o__Campylobacterales","f__Helicobacteraceae","g__Sulfurovum","s__"
"OTU_390","OTU_390",29,178,0.00111307009180888,0.606713718313281,0.131444444444444,"M2",0.539372168432417,0,"Peripheral nodes","k__Bacteria","p__Bacteroidetes","c__Flavobacteriia","o__Flavobacteriales","f__Flavobacteriaceae","g__Flavobacterium","s__"
"OTU_2725","OTU_2725",1,0,1.40532821762182,0,0.045,"M17",NA,NA,NA,"k__Bacteria","p__Verrucomicrobia","c__Spartobacteria","o__Chthoniobacterales","f__DA101 soil group","g__","s__"
"OTU_254","OTU_254",1,0,0.465108040670866,6.17390292654191e-18,0.161,"M10",-0.577350269189626,0,"Peripheral nodes","k__Bacteria","p__Acidobacteria","c__Acidobacteria","o__Subgroup 6","f__","g__","s__"
"OTU_673","OTU_673",1,0,0.000625408975507348,1.84959253679512e-05,0.0496666666666667,"M9",-0.447213595499958,0,"Peripheral nodes","k__Bacteria","p__Gemmatimonadetes","c__Gemmatimonadetes","o__Gemmatimonadales","f__Gemmatimonadaceae","g__","s__"
"OTU_1349","OTU_1349",1,0,0.000853581194401507,3.53729770037767e-06,0.0772222222222222,"M3",-0.725600075805369,0,"Peripheral nodes","k__Bacteria","p__Proteobacteria","c__Gammaproteobacteria","o__","f__","g__Marinicella","s__"
"OTU_67","OTU_67",7,12,0.000911736435277595,0.0485175449403198,0.141777777777778,"M2",-0.938768860628047,0,"Peripheral nodes","k__Bacteria","p__Bacteroidetes","c__Cytophagia","o__Cytophagales","f__Cyclobacteriaceae","g__Algoriphagus","s__"
"OTU_1816","OTU_1816",5,342,0.00113807411970428,0.000431630434362634,0.0217777777777778,"M3",-0.157001185992975,0.48,"Peripheral nodes","k__Bacteria","p__Proteobacteria","c__Deltaproteobacteria","o__Desulfobacterales","f__Desulfobulbaceae","g__Desulfobulbus","s__"
"OTU_578","OTU_578",1,0,0.104458825343544,0,0.124333333333333,"M8",-1.11803398874989,0,"Peripheral nodes","k__Bacteria","p__Bacteroidetes","c__Bacteroidetes vadinHA17","o__","f__","g__","s__"
"OTU_7991","OTU_7991",3,346,0.00112736792400892,0.000542454014228175,0.0115555555555556,"M3",-0.725600075805369,0.444444444444444,"Peripheral nodes","k__Bacteria","p__Acidobacteria","c__Holophagae","o__Subgroup 10","f__ABS-19","g__","s__"
"OTU_82","OTU_82",5,999,0.000742156491221627,0.000595727704573488,0.333,"M9",1.78885438199983,0.32,"Peripheral nodes","k__Bacteria","p__Proteobacteria","c__Alphaproteobacteria","o__Sphingomonadales","f__Sphingomonadaceae","g__Sphingomonas","s__"
"OTU_341","OTU_341",2,0,0.00103363801741809,0.000157411875702087,0.0512222222222222,"M1",-0.906059303139408,0,"Peripheral nodes","k__Bacteria","p__Proteobacteria","c__Betaproteobacteria","o__Burkholderiales","f__Burkholderiaceae","g__Limnobacter","s__"
"OTU_13463","OTU_13463",1,0,0.000755974728352303,0.0042504323708506,0.0754444444444444,"M2",-1.34189823218999,0,"Peripheral nodes","k__Bacteria","p__Bacteroidetes","c__Flavobacteriia","o__Flavobacteriales","f__Flavobacteriaceae","g__Flavobacterium","s__"
"OTU_952","OTU_952",1,0,1.42507892651874,0,0.0258888888888889,"M15",NA,NA,NA,"k__Bacteria","p__Acidobacteria","c__Acidobacteria","o__Subgroup 6","f__","g__","s__"
"OTU_165","OTU_165",2,0,0.000631196839567196,8.9091268858094e-06,0.0935555555555556,"M6",0,0,"Peripheral nodes","k__Bacteria","p__Chloroflexi","c__Anaerolineae","o__Anaerolineales","f__Anaerolineaceae","g__Anaerolinea","s__"
"OTU_357","OTU_357",25,3280,0.00112397084917502,0.342294716374882,0.228777777777778,"M2",0.20343102546413,0.0768,"Peripheral nodes","k__Bacteria","p__Proteobacteria","c__Betaproteobacteria","o__Burkholderiales","f__Comamonadaceae","g__","s__"
"OTU_7417","OTU_7417",15,259,0.00138578810004377,0.00944000449543027,0.0225555555555556,"M1",0.376442976949038,0,"Peripheral nodes","k__Bacteria","p__Chloroflexi","c__Anaerolineae","o__Anaerolineales","f__Anaerolineaceae","g__","s__"
"OTU_349","OTU_349",1,0,0.000628713733274727,8.6390924994778e-06,0.05,"M6",-0.935414346693485,0,"Peripheral nodes","k__Bacteria","p__Verrucomicrobia","c__Verrucomicrobiae","o__Verrucomicrobiales","f__Verrucomicrobiaceae","g__Luteolibacter","s__"
"OTU_158","OTU_158",1,0,0.467100356258296,4.11593528436127e-18,0.0202222222222222,"M12",-0.577350269189626,0,"Peripheral nodes","k__Bacteria","p__Proteobacteria","c__Gammaproteobacteria","o__Xanthomonadales","f__Xanthomonadaceae","g__Arenimonas","s__"
"OTU_5894","OTU_5894",1,0,0.47271979723395,6.17390292654191e-18,0.035,"M11",-0.577350269189626,0,"Peripheral nodes","k__Bacteria","p__Bacteroidetes","c__Sphingobacteriia","o__Sphingobacteriales","f__WCHB1-69","g__","s__"
"OTU_189","OTU_189",7,0,0.00107182995774522,0.177343916152921,0.0117777777777778,"M2",-0.938768860628047,0,"Peripheral nodes","k__Bacteria","p__Proteobacteria","c__Betaproteobacteria","o__SC-I-84","f__","g__","s__"
"OTU_2190","OTU_2190",2,0,0.133213341579192,8.23187056872254e-18,0.0782222222222222,"M7",0,0,"Peripheral nodes","k__Bacteria","p__Chloroflexi","c__KD4-96","o__","f__","g__","s__"
"OTU_71","OTU_71",9,0,0.0010824900302464,0.232983821207221,0.0107777777777778,"M2",-0.804392403440732,0,"Peripheral nodes","k__Bacteria","p__Chloroflexi","c__Ktedonobacteria","o__JG30-KF-AS9","f__","g__","s__"
"OTU_9","OTU_9",21,1010,0.0011063706868727,0.395944928561465,0.193444444444444,"M2",0.0018663396831572,0,"Peripheral nodes","k__Bacteria","p__Actinobacteria","c__Acidimicrobiia","o__Acidimicrobiales","f__Acidimicrobiaceae","g__Illumatobacter","s__"
"OTU_1702","OTU_1702",1,0,0.000715118116653853,0.000327870129083576,0.0135555555555556,"M23",NA,NA,NA,"k__Bacteria","p__Bacteroidetes","c__Sphingobacteriia","o__Sphingobacteriales","f__Chitinophagaceae","g__Parasegetibacter","s__"
"OTU_924","OTU_924",2,334,0.000637721414476808,6.88922240812058e-05,0.0264444444444444,"M13",1.15470053837925,0,"Peripheral nodes","k__Bacteria","p__Actinobacteria","c__Acidimicrobiia","o__Acidimicrobiales","f__Acidimicrobiaceae","g__CL500-29 marine group","s__"
"OTU_5867","OTU_5867",6,173,0.0161995013071305,0,0.0106666666666667,"M4",1.34063212940848,0,"Peripheral nodes","k__Bacteria","p__Acidobacteria","c__Acidobacteria","o__Acidobacteriales","f__Acidobacteriaceae (Subgroup 1)","g__Candidatus Koribacter","s__"
"OTU_853","OTU_853",1,0,0.00089220837383533,1.04525819150107e-05,0.0831111111111111,"M3",-0.725600075805369,0,"Peripheral nodes","k__Bacteria","p__Bacteroidetes","c__Flavobacteriia","o__Flavobacteriales","f__Flavobacteriaceae","g__","s__"
"OTU_1895","OTU_1895",7,31,0.00117685375983132,0.000827360732250683,0.0907777777777778,"M3",0.127298258913223,0.489795918367347,"Peripheral nodes","k__Bacteria","p__Bacteroidetes","c__Flavobacteriia","o__Flavobacteriales","f__Flavobacteriaceae","g__Robiginitalea","s__"
"OTU_80","OTU_80",2,0,0.000851398373270655,0.00357221997427717,0.333888888888889,"M9",-0.447213595499958,0.5,"Peripheral nodes","k__Bacteria","p__Proteobacteria","c__Alphaproteobacteria","o__Sphingomonadales","f__Sphingomonadaceae","g__Sphingomonas","s__"
"OTU_1496","OTU_1496",3,98,0.012957370507697,1.64637411374451e-17,0.0214444444444444,"M4",0.113612892322752,0,"Peripheral nodes","k__Bacteria","p__Acidobacteria","c__Acidobacteria","o__Acidobacteriales","f__Acidobacteriaceae (Subgroup 1)","g__","s__"
"OTU_354","OTU_354",12,0,0.00107118609259202,0.317544057420172,0.145,"M2",-0.60282771765976,0,"Peripheral nodes","k__Bacteria","p__Chloroflexi","c__Anaerolineae","o__Anaerolineales","f__Anaerolineaceae","g__","s__"
"OTU_7502","OTU_7502",16,363,0.00132167500314667,0.00463463501789672,0.0275555555555556,"M1",0.475096998494303,0,"Peripheral nodes","k__Bacteria","p__Actinobacteria","c__Acidimicrobiia","o__Acidimicrobiales","f__OM1 clade","g__","s__"
"OTU_381","OTU_381",8,64,0.00117472099993891,0.000876772959350943,0.142777777777778,"M3",0.127298258913223,0.5,"Peripheral nodes","k__Bacteria","p__Proteobacteria","c__Gammaproteobacteria","o__Xanthomonadales","f__JTB255 marine benthic group","g__","s__"
"OTU_2564","OTU_2564",1,0,0.1150286159845,0,0.0355555555555556,"M8",-1.11803398874989,0,"Peripheral nodes","k__Bacteria","p__Proteobacteria","c__Deltaproteobacteria","o__Syntrophobacterales","f__Syntrophaceae","g__Syntrophus","s__"
"OTU_30","OTU_30",2,0,0.15357779404421,1.23478058530838e-17,0.142222222222222,"M8",0,0,"Peripheral nodes","k__Bacteria","p__Bacteroidetes","c__Sphingobacteriia","o__Sphingobacteriales","f__WCHB1-69","g__","s__"
"OTU_212","OTU_212",3,342,0.000965920185405933,2.66389218385728e-05,0.0618888888888889,"M3",-0.157001185992975,0,"Peripheral nodes","k__Bacteria","p__Bacteroidetes","c__Flavobacteriia","o__Flavobacteriales","f__Flavobacteriaceae","g__Imtechella","s__"
"OTU_1836","OTU_1836",2,0,0.00107470036549325,0.00012339846469775,0.0121111111111111,"M3",-0.725600075805369,0.5,"Peripheral nodes","k__Bacteria","p__Proteobacteria","c__Alphaproteobacteria","o__Sphingomonadales","f__Erythrobacteraceae","g__Altererythrobacter","s__"
"OTU_1283","OTU_1283",2,34,0.011654783935086,0,0.069,"M4",-0.295393520039156,0,"Peripheral nodes","k__Bacteria","p__Acidobacteria","c__Acidobacteria","o__Acidobacteriales","f__Acidobacteriaceae (Subgroup 1)","g__Candidatus Koribacter","s__"
"OTU_2548","OTU_2548",6,183,0.0174536738540328,0,0.0106666666666667,"M4",1.34063212940848,0,"Peripheral nodes","k__Bacteria","p__Actinobacteria","c__Thermoleophilia","o__Gaiellales","f__","g__","s__"
"OTU_149","OTU_149",2,1,0.691103868626111,4.11593528436127e-18,0.0864444444444444,"M10",1.15470053837925,0,"Peripheral nodes","k__Bacteria","p__Acidobacteria","c__Acidobacteria","o__Subgroup 6","f__","g__","s__"
"OTU_3356","OTU_3356",4,2,0.00114447581351862,0.00098506063902828,0.0624444444444444,"M1",-0.708751260048878,0,"Peripheral nodes","k__Bacteria","p__Actinobacteria","c__Thermoleophilia","o__Gaiellales","f__","g__","s__"
"OTU_1623","OTU_1623",1,0,0.00794216892107071,0,0.015,"M4",-0.704399932401065,0,"Peripheral nodes","k__Bacteria","p__Proteobacteria","c__Gammaproteobacteria","o__Xanthomonadales","f__","g__Acidibacter","s__"
"OTU_1176","OTU_1176",1,0,0.00095645919555286,3.86500019378e-05,0.0473333333333333,"M1",-1.00471332468467,0,"Peripheral nodes","k__Bacteria","p__Proteobacteria","c__Alphaproteobacteria","o__Rhodobacterales","f__Rhodobacteraceae","g__","s__"
"OTU_103","OTU_103",1,0,1.29058117797814,0,0.0235555555555556,"M22",NA,NA,NA,"k__Bacteria","p__Acidobacteria","c__Acidobacteria","o__Acidobacteriales","f__Acidobacteriaceae (Subgroup 1)","g__","s__"
"OTU_196","OTU_196",1,0,0.122768542867082,0,0.0946666666666667,"M7",-1.11803398874989,0,"Peripheral nodes","k__Bacteria","p__Proteobacteria","c__Betaproteobacteria","o__TRA3-20","f__","g__","s__"
"OTU_739","OTU_739",1,0,1.42514597194857,0,0.0195555555555556,"M25",NA,NA,NA,"k__Bacteria","p__Actinobacteria","c__Thermoleophilia","o__Gaiellales","f__","g__","s__"
"OTU_38","OTU_38",1,0,0.461108455513052,6.17390292654191e-18,0.208555555555556,"M12",-0.577350269189626,0,"Peripheral nodes","k__Bacteria","p__Actinobacteria","c__Actinobacteria","o__Micrococcales","f__Microbacteriaceae","g__Cryobacterium","s__"
"OTU_817","OTU_817",1,0,0.456445216806816,0,0.0395555555555556,"M10",-0.577350269189626,0,"Peripheral nodes","k__Bacteria","p__Acidobacteria","c__Acidobacteria","o__Subgroup 6","f__","g__","s__"
"OTU_34","OTU_34",38,246,0.0012943949485842,0.868869088379095,0.609,"M2",1.14406622577533,0,"Peripheral nodes","k__Bacteria","p__Firmicutes","c__Bacilli","o__Bacillales","f__Bacillaceae","g__Bacillus","s__"
"OTU_8356","OTU_8356",3,0,0.00113071266136916,0.00126358623124745,0.0243333333333333,"M1",-0.807405281594143,0,"Peripheral nodes","k__Bacteria","p__Actinobacteria","c__Thermoleophilia","o__Gaiellales","f__","g__","s__"
"OTU_45","OTU_45",2,15,0.000790438390733721,8.27142840719571e-07,0.148333333333333,"M3",-0.441300630899172,0,"Peripheral nodes","k__Bacteria","p__Proteobacteria","c__Deltaproteobacteria","o__43F-1404R","f__","g__","s__"
"OTU_447","OTU_447",9,1679,0.000916724954222238,0.077875550905184,0.115777777777778,"M2",-0.938768860628047,0.37037037037037,"Peripheral nodes","k__Bacteria","p__Bacteroidetes","c__Sphingobacteriia","o__Sphingobacteriales","f__Chitinophagaceae","g__Ferruginibacter","s__"
"OTU_841","OTU_841",3,28,0.000926304676871653,2.41882867826804e-05,0.0152222222222222,"M3",-0.157001185992975,0,"Peripheral nodes","k__Bacteria","p__Chloroflexi","c__S085","o__","f__","g__","s__"
"OTU_6413","OTU_6413",1,0,0.000863708568830133,4.49974596912697e-06,0.015,"M3",-0.725600075805369,0,"Peripheral nodes","k__Bacteria","p__Proteobacteria","c__Alphaproteobacteria","o__Rhodobacterales","f__Rhodobacteraceae","g__Yangia","s__"
"OTU_3756","OTU_3756",1,0,0.0098439603363896,8.23187056872254e-18,0.0248888888888889,"M4",-0.704399932401065,0,"Peripheral nodes","k__Bacteria","p__Actinobacteria","c__Thermoleophilia","o__Gaiellales","f__","g__","s__"
"OTU_340","OTU_340",4,1320,0.000893943486915556,0.0163674599121505,0.0694444444444444,"M2",-1.20752177500268,0.375,"Peripheral nodes","k__Bacteria","p__Proteobacteria","c__Alphaproteobacteria","o__Caulobacterales","f__Caulobacteraceae","g__Brevundimonas","s__"
"OTU_1814","OTU_1814",1,0,0.000846136111132936,3.68883493401911e-06,0.0196666666666667,"M3",-0.725600075805369,0,"Peripheral nodes","k__Bacteria","p__Actinobacteria","c__Acidimicrobiia","o__Acidimicrobiales","f__OM1 clade","g__","s__"
"OTU_2330","OTU_2330",1,0,1.42507892651874,0,0.0251111111111111,"M15",NA,NA,NA,"k__Bacteria","p__Acidobacteria","c__Acidobacteria","o__Subgroup 6","f__","g__","s__"
"OTU_1822","OTU_1822",7,382,0.00118519905234153,0.000744355931931086,0.0167777777777778,"M5",0.707106781186547,0.489795918367347,"Peripheral nodes","k__Bacteria","p__Proteobacteria","c__Deltaproteobacteria","o__Myxococcales","f__Haliangiaceae","g__Haliangium","s__"
"OTU_2005","OTU_2005",1,0,0.00909082533725912,0,0.023,"M4",-0.704399932401065,0,"Peripheral nodes","k__Bacteria","p__Chloroflexi","c__KD4-96","o__","f__","g__","s__"
"OTU_3130","OTU_3130",15,274,0.0013089078636336,0.00326544433522305,0.0414444444444444,"M1",0.179134933858508,0.231111111111111,"Peripheral nodes","k__Bacteria","p__Proteobacteria","c__Deltaproteobacteria","o__Sh765B-TzT-29","f__","g__","s__"
"OTU_854","OTU_854",6,206,0.00132040295894175,0.0145683576843252,0.104,"M1",-0.610097238503613,0.277777777777778,"Peripheral nodes","k__Bacteria","p__Chloroflexi","c__","o__","f__","g__","s__"
"OTU_4348","OTU_4348",1,0,0.00104491501136297,9.86387497717652e-05,0.0261111111111111,"M3",-0.725600075805369,0,"Peripheral nodes","k__Bacteria","p__Chloroflexi","c__KD4-96","o__","f__","g__","s__"
"OTU_1544","OTU_1544",6,449,0.00107411677909044,0.000184632585756816,0.012,"M5",1.41421356237309,0.444444444444444,"Peripheral nodes","k__Bacteria","p__Actinobacteria","c__Acidimicrobiia","o__Acidimicrobiales","f__OM1 clade","g__","s__"
"OTU_3264","OTU_3264",1,0,0.000863201146950177,5.62446618636025e-06,0.0233333333333333,"M5",-0.707106781186547,0,"Peripheral nodes","k__Bacteria","p__Nitrospirae","c__Nitrospira","o__Nitrospirales","f__Nitrospiraceae","g__","s__"
"OTU_1831","OTU_1831",10,1182,0.00127409919374321,0.0016771192223928,0.0353333333333333,"M3",0.127298258913223,0.58,"Peripheral nodes","k__Bacteria","p__Acidobacteria","c__Acidobacteria","o__Subgroup 6","f__","g__","s__"
"OTU_1360","OTU_1360",4,47,0.0133783156553036,0,0.025,"M4",0.522619304684661,0,"Peripheral nodes","k__Bacteria","p__Acidobacteria","c__Acidobacteria","o__Subgroup 3","f__","g__Bryobacter","s__"
"OTU_219","OTU_219",3,8,0.000892006581526246,0.0138855046046928,0.188,"M2",-1.20752177500268,0,"Peripheral nodes","k__Bacteria","p__Proteobacteria","c__Gammaproteobacteria","o__Xanthomonadales","f__Xanthomonadaceae","g__","s__"
"OTU_1297","OTU_1297",1,0,0.0124345132968902,4.11593528436127e-18,0.0615555555555556,"M4",-0.704399932401065,0,"Peripheral nodes","k__Bacteria","p__Chloroflexi","c__KD4-96","o__","f__","g__","s__"
"OTU_507","OTU_507",1,0,0.00104932389027803,0.000192446760542888,0.0375555555555556,"M1",-1.00471332468467,0,"Peripheral nodes","k__Bacteria","p__Chloroflexi","c__Anaerolineae","o__Anaerolineales","f__Anaerolineaceae","g__","s__"
"OTU_1821","OTU_1821",9,15,0.00132330861125365,0.00291648020355715,0.038,"M1",-0.314135173867818,0.197530864197531,"Peripheral nodes","k__Bacteria","p__Acidobacteria","c__Holophagae","o__Subgroup 7","f__","g__","s__"
"OTU_280","OTU_280",3,60,0.0153030699015872,0,0.046,"M4",0.113612892322752,0,"Peripheral nodes","k__Bacteria","p__Acidobacteria","c__Acidobacteria","o__Acidobacteriales","f__Acidobacteriaceae (Subgroup 1)","g__","s__"
"OTU_3651","OTU_3651",9,71,0.000921191055196631,0.0803121408875183,0.0274444444444444,"M2",-0.804392403440732,0,"Peripheral nodes","k__Bacteria","p__Proteobacteria","c__Alphaproteobacteria","o__Caulobacterales","f__Caulobacteraceae","g__Brevundimonas","s__"
"OTU_2690","OTU_2690",1,0,0.0137105110105155,0,0.0131111111111111,"M4",-0.704399932401065,0,"Peripheral nodes","k__Bacteria","p__Actinobacteria","c__Thermoleophilia","o__Gaiellales","f__","g__","s__"
"OTU_984","OTU_984",1,0,0.0134576751565525,0,0.0323333333333333,"M4",-0.704399932401065,0,"Peripheral nodes","k__Bacteria","p__Chloroflexi","c__Anaerolineae","o__Anaerolineales","f__Anaerolineaceae","g__","s__"
"OTU_10337","OTU_10337",2,2,0.0096334689282005,8.23187056872254e-18,0.0167777777777778,"M4",-0.295393520039156,0,"Peripheral nodes","k__Bacteria","p__Chloroflexi","c__Anaerolineae","o__Anaerolineales","f__Anaerolineaceae","g__","s__"
"OTU_1824","OTU_1824",2,0,0.00110129152364175,0.000373380562613677,0.0267777777777778,"M1",-0.906059303139408,0,"Peripheral nodes","k__Bacteria","p__Planctomycetes","c__OM190","o__","f__","g__","s__"
"OTU_3545","OTU_3545",12,297,0.0203641442681,0,0.0116666666666667,"M4",3.79467060357993,0,"Module hubs","k__Bacteria","p__Proteobacteria","c__Alphaproteobacteria","o__Rhodospirillales","f__Acetobacteraceae","g__","s__"
"OTU_3970","OTU_3970",1,0,1.42514597194857,0,0.0327777777777778,"M25",NA,NA,NA,"k__Bacteria","p__Acidobacteria","c__Acidobacteria","o__Subgroup 4","f__RB41","g__","s__"
"OTU_1859","OTU_1859",2,666,0.000969474476931603,3.94571883531468e-05,0.0365555555555556,"M3",-0.441300630899172,0,"Peripheral nodes","k__Bacteria","p__Bacteroidetes","c__Bacteroidetes BD2-2","o__","f__","g__","s__"
"OTU_2048","OTU_2048",1,0,0.000551695612654775,2.07925915628659e-06,0.0123333333333333,"M13",-0.577350269189626,0,"Peripheral nodes","k__Bacteria","p__Actinobacteria","c__Acidimicrobiia","o__Acidimicrobiales","f__Acidimicrobiaceae","g__CL500-29 marine group","s__"
"OTU_571","OTU_571",3,334,0.00108697160756291,0.000298226983129226,0.0156666666666667,"M1",-0.807405281594143,0,"Peripheral nodes","k__Bacteria","p__Gemmatimonadetes","c__Gemmatimonadetes","o__BD2-11 terrestrial group","f__","g__","s__"
"OTU_177","OTU_177",2,334,0.000749490157686958,0.00235582798931891,0.0793333333333333,"M16",NA,NA,NA,"k__Bacteria","p__Chloroflexi","c__Anaerolineae","o__Anaerolineales","f__Anaerolineaceae","g__Anaerolinea","s__"
"OTU_801","OTU_801",2,666,0.000749804418587783,0.00236464011177352,0.0423333333333333,"M13",-0.577350269189626,0.5,"Peripheral nodes","k__Bacteria","p__Acidobacteria","c__Acidobacteria","o__Subgroup 6","f__","g__","s__"
"OTU_2993","OTU_2993",2,12,0.00104718044445294,0.00021273336040913,0.0393333333333333,"M1",-0.906059303139408,0,"Peripheral nodes","k__Bacteria","p__Bacteroidetes","c__Bacteroidetes BD2-2","o__","f__","g__","s__"
"OTU_7127","OTU_7127",1,0,0.00100301803802559,0.000118363982690519,0.0106666666666667,"M1",-1.00471332468467,0,"Peripheral nodes","k__Bacteria","p__Proteobacteria","c__Deltaproteobacteria","o__Sva0485","f__","g__","s__"
"OTU_425","OTU_425",3,352,0.00078899653673609,1.22009452460517e-06,0.100777777777778,"M3",-0.157001185992975,0,"Peripheral nodes","k__Bacteria","p__Bacteroidetes","c__Cytophagia","o__Cytophagales","f__Flammeovirgaceae","g__","s__"
"OTU_1368","OTU_1368",3,36,0.0112935363848617,0,0.0181111111111111,"M4",0.113612892322752,0,"Peripheral nodes","k__Bacteria","p__Acidobacteria","c__Acidobacteria","o__Acidobacteriales","f__Acidobacteriaceae (Subgroup 1)","g__","s__"
"OTU_525","OTU_525",31,389,0.00112760304604554,0.572729759833877,0.113,"M2",0.673748625619732,0,"Peripheral nodes","k__Bacteria","p__Proteobacteria","c__Betaproteobacteria","o__Burkholderiales","f__Comamonadaceae","g__","s__"
"OTU_1194","OTU_1194",1,0,0.000980485750194993,4.86559061231683e-05,0.0953333333333333,"M3",-0.725600075805369,0,"Peripheral nodes","k__Bacteria","p__Proteobacteria","c__Epsilonproteobacteria","o__Campylobacterales","f__Helicobacteraceae","g__Sulfurovum","s__"
"OTU_7557","OTU_7557",7,745,0.00125305636212028,0.00106663020550323,0.0314444444444444,"M3",0.695897148725617,0.244897959183674,"Peripheral nodes","k__Bacteria","p__Bacteroidetes","c__Bacteroidetes BD2-2","o__","f__","g__","s__"
"OTU_1207","OTU_1207",3,0,0.00114442610088719,0.00198730440860944,0.0298888888888889,"M1",-0.807405281594143,0,"Peripheral nodes","k__Bacteria","p__Chloroflexi","c__Anaerolineae","o__Anaerolineales","f__Anaerolineaceae","g__","s__"
"OTU_87","OTU_87",14,1352,0.000927106373050698,0.141026072589037,0.293222222222222,"M2",-0.535639489066102,0.13265306122449,"Peripheral nodes","k__Bacteria","p__Bacteroidetes","c__Flavobacteriia","o__Flavobacteriales","f__Flavobacteriaceae","g__Flavobacterium","s__"
"OTU_4333","OTU_4333",1,0,1.42594346351229,0,0.0148888888888889,"M24",NA,NA,NA,"k__Bacteria","p__Gemmatimonadetes","c__Gemmatimonadetes","o__BD2-11 terrestrial group","f__","g__","s__"
"OTU_301","OTU_301",25,1366,0.00127662350669809,0.591440582856558,0.0323333333333333,"M2",0.270619254057787,0,"Peripheral nodes","k__Bacteria","p__Proteobacteria","c__Deltaproteobacteria","o__Syntrophobacterales","f__Syntrophaceae","g__Smithella","s__"
"OTU_9901","OTU_9901",1,0,0.000881670458686409,0.00997875729551772,0.0291111111111111,"M2",-1.34189823218999,0,"Peripheral nodes","k__Bacteria","p__Bacteroidetes","c__Sphingobacteriia","o__Sphingobacteriales","f__Sphingobacteriaceae","g__Pedobacter","s__"
"OTU_967","OTU_967",3,5,0.000882041021611538,1.00201357315205e-05,0.105666666666667,"M3",-0.157001185992975,0,"Peripheral nodes","k__Bacteria","p__Proteobacteria","c__Alphaproteobacteria","o__Rhodobacterales","f__Rhodobacteraceae","g__","s__"
"OTU_489","OTU_489",2,30,0.0117161225875849,0,0.0498888888888889,"M4",-0.295393520039156,0,"Peripheral nodes","k__Bacteria","p__Acidobacteria","c__Acidobacteria","o__Subgroup 2","f__","g__","s__"
"OTU_3189","OTU_3189",2,0,0.00110323850509705,0.000748462573318107,0.0161111111111111,"M1",-0.906059303139408,0,"Peripheral nodes","k__Bacteria","p__Proteobacteria","c__Deltaproteobacteria","o__Desulfobacterales","f__Nitrospinaceae","g__","s__"
"OTU_1175","OTU_1175",3,0,0.00125408477586158,0.0142173251506301,0.0355555555555556,"M1",-0.906059303139408,0.444444444444444,"Peripheral nodes","k__Bacteria","p__Proteobacteria","c__Gammaproteobacteria","o__Chromatiales","f__","g__","s__"
"OTU_3508","OTU_3508",5,34,0.0154508926742512,0,0.0125555555555556,"M4",0.93162571704657,0,"Peripheral nodes","k__Bacteria","p__Actinobacteria","c__Acidimicrobiia","o__Acidimicrobiales","f__","g__","s__"
"OTU_938","OTU_938",3,667,0.000780283584530062,1.50051729561763e-06,0.0441111111111111,"M3",-0.157001185992975,0,"Peripheral nodes","k__Bacteria","p__Proteobacteria","c__Alphaproteobacteria","o__Rhodobacterales","f__Rhodobacteraceae","g__","s__"
"OTU_1162","OTU_1162",4,4,0.00115170066550307,0.00300244228742958,0.0257777777777778,"M1",-0.708751260048878,0,"Peripheral nodes","k__Bacteria","p__Proteobacteria","c__Alphaproteobacteria","o__Sphingomonadales","f__Sphingomonadaceae","g__Novosphingobium","s__"
"OTU_12339","OTU_12339",2,0,0.00101024149490027,7.87805694135111e-05,0.0103333333333333,"M3",-0.441300630899172,0,"Peripheral nodes","k__Bacteria","p__Chloroflexi","c__Anaerolineae","o__Anaerolineales","f__Anaerolineaceae","g__","s__"
"OTU_3116","OTU_3116",2,13,0.000920736142844882,1.77375119207665e-05,0.031,"M3",-0.441300630899172,0,"Peripheral nodes","k__Bacteria","p__Verrucomicrobia","c__Verrucomicrobiae","o__Verrucomicrobiales","f__Verrucomicrobiaceae","g__","s__"
"OTU_7205","OTU_7205",3,9,0.0128801962886903,0,0.0124444444444444,"M4",0.113612892322752,0,"Peripheral nodes","k__Bacteria","p__Elusimicrobia","c__Elusimicrobia","o__Lineage IIa","f__","g__","s__"
"OTU_2361","OTU_2361",1,0,0.00999612068598637,0,0.0176666666666667,"M4",-0.704399932401065,0,"Peripheral nodes","k__Bacteria","p__Acidobacteria","c__Acidobacteria","o__Subgroup 3","f__","g__Bryobacter","s__"
"OTU_1277","OTU_1277",3,34,0.011853710111345,0,0.0117777777777778,"M4",0.113612892322752,0,"Peripheral nodes","k__Bacteria","p__Verrucomicrobia","c__S-BQ2-57 soil group","o__","f__","g__","s__"
"OTU_3306","OTU_3306",1,0,0.000856607114452526,3.476460979464e-06,0.0577777777777778,"M3",-0.725600075805369,0,"Peripheral nodes","k__Bacteria","p__Proteobacteria","c__","o__","f__","g__","s__"
"OTU_57","OTU_57",12,2549,0.00106420976566587,0.1198619740702,0.405777777777778,"M2",-0.670015946253417,0.152777777777778,"Peripheral nodes","k__Bacteria","p__Bacteroidetes","c__Sphingobacteriia","o__Sphingobacteriales","f__Sphingobacteriaceae","g__Pedobacter","s__"
"OTU_265","OTU_265",13,1463,0.00124911364792888,0.00135457004321421,0.194333333333333,"M3",2.1173943732566,0.260355029585799,"Peripheral nodes","k__Bacteria","p__Proteobacteria","c__Gammaproteobacteria","o__Xanthomonadales","f__JTB255 marine benthic group","g__","s__"
"OTU_3164","OTU_3164",2,0,0.00108708437784256,0.000330603863322075,0.0158888888888889,"M3",-0.725600075805369,0.5,"Peripheral nodes","k__Bacteria","p__Proteobacteria","c__Alphaproteobacteria","o__Sphingomonadales","f__Erythrobacteraceae","g__Croceicoccus","s__"
"OTU_8066","OTU_8066",16,377,0.00131375618922214,0.00406638310107197,0.0127777777777778,"M1",0.475096998494303,0,"Peripheral nodes","k__Bacteria","p__Chlorobi","c__Ignavibacteria","o__Ignavibacteriales","f__IheB3-7","g__","s__"
"OTU_3336","OTU_3336",9,37,0.0011743189828198,0.00378602967041687,0.0262222222222222,"M1",-0.215481152322553,0,"Peripheral nodes","k__Bacteria","p__Actinobacteria","c__Thermoleophilia","o__Gaiellales","f__","g__","s__"
"OTU_713","OTU_713",2,0,0.000925452735575033,2.3484420294535e-05,0.0277777777777778,"M3",-0.441300630899172,0,"Peripheral nodes","k__Bacteria","p__SHA-109","c__","o__","f__","g__","s__"
"OTU_944","OTU_944",1,0,0.000659876050469692,4.33131779699618e-08,0.0334444444444444,"M3",-0.725600075805369,0,"Peripheral nodes","k__Bacteria","p__Proteobacteria","c__Alphaproteobacteria","o__Rhodobacterales","f__Rhodobacteraceae","g__Leisingera","s__"
"OTU_3597","OTU_3597",2,0,0.01182065156598,0,0.0173333333333333,"M4",-0.295393520039156,0,"Peripheral nodes","k__Bacteria","p__Chloroflexi","c__Anaerolineae","o__Anaerolineales","f__Anaerolineaceae","g__","s__"
"OTU_8029","OTU_8029",31,667,0.00142798458023757,0.00816072092118203,0.014,"M1",1.75759927858275,0.120707596253902,"Peripheral nodes","k__Bacteria","p__Proteobacteria","c__Alphaproteobacteria","o__Sphingomonadales","f__","g__","s__"
"OTU_661","OTU_661",37,1113,0.0012190985943203,0.833887590649408,0.0467777777777778,"M2",1.07687799718168,0,"Peripheral nodes","k__Bacteria","p__Firmicutes","c__Bacilli","o__Bacillales","f__Staphylococcaceae","g__Staphylococcus","s__"
"OTU_1649","OTU_1649",4,0,0.000905353867317938,0.0425707361389645,0.0338888888888889,"M2",-1.14033354640902,0,"Peripheral nodes","k__Bacteria","p__Proteobacteria","c__Betaproteobacteria","o__Burkholderiales","f__Comamonadaceae","g__Polaromonas","s__"
"OTU_6465","OTU_6465",1,0,0.0125446289327332,4.11593528436127e-18,0.0194444444444444,"M4",-0.704399932401065,0,"Peripheral nodes","k__Bacteria","p__Planctomycetes","c__Planctomycetacia","o__Planctomycetales","f__Planctomycetaceae","g__Planctomyces","s__"
"OTU_7510","OTU_7510",4,9,0.00117942351880088,0.00085216314369051,0.0101111111111111,"M1",-0.708751260048878,0,"Peripheral nodes","k__Bacteria","p__Proteobacteria","c__Deltaproteobacteria","o__Desulfobacterales","f__Desulfobulbaceae","g__Desulfobulbus","s__"
"OTU_1823","OTU_1823",3,45,0.00104728985834476,0.000121599032414527,0.086,"M3",-0.441300630899172,0.444444444444444,"Peripheral nodes","k__Bacteria","p__Proteobacteria","c__Gammaproteobacteria","o__Cellvibrionales","f__Halieaceae","g__Haliea","s__"
"OTU_6485","OTU_6485",3,94,0.0147472511092791,0,0.0126666666666667,"M4",0.113612892322752,0,"Peripheral nodes","k__Bacteria","p__Chloroflexi","c__JG37-AG-4","o__","f__","g__","s__"
"OTU_3995","OTU_3995",1,0,0.00101512005068829,0.000159761758239185,0.015,"M1",-1.00471332468467,0,"Peripheral nodes","k__Bacteria","p__Proteobacteria","c__Alphaproteobacteria","o__Sphingomonadales","f__Erythrobacteraceae","g__Croceicoccus","s__"
"OTU_846","OTU_846",12,69,0.00120970540973808,0.00577350911203744,0.0303333333333333,"M1",0.0804809123132425,0,"Peripheral nodes","k__Bacteria","p__Acidobacteria","c__Acidobacteria","o__Subgroup 6","f__","g__","s__"
"OTU_1174","OTU_1174",12,141,0.00131832196326768,0.0027188944504224,0.044,"M1",-0.116827130777288,0.291666666666667,"Peripheral nodes","k__Bacteria","p__Chloroflexi","c__Anaerolineae","o__Anaerolineales","f__Anaerolineaceae","g__","s__"
"OTU_1167","OTU_1167",6,136,0.00118548020951535,0.00127165376765767,0.016,"M1",-0.511443216958348,0,"Peripheral nodes","k__Bacteria","p__Chloroflexi","c__Anaerolineae","o__Anaerolineales","f__Anaerolineaceae","g__","s__"
"OTU_107","OTU_107",7,487,0.00122817214949316,0.00082189508935079,0.191555555555556,"M3",0.127298258913223,0.489795918367347,"Peripheral nodes","k__Bacteria","p__Bacteroidetes","c__Flavobacteriia","o__Flavobacteriales","f__Flavobacteriaceae","g__Robiginitalea","s__"
"OTU_8174","OTU_8174",6,1018,0.00107421547483574,0.000119095306130872,0.011,"M3",0.695897148725617,0,"Peripheral nodes","k__Bacteria","p__Proteobacteria","c__Alphaproteobacteria","o__Rhizobiales","f__Hyphomicrobiaceae","g__Filomicrobium","s__"
"OTU_3220","OTU_3220",10,980,0.00133290424172819,0.00374385853175003,0.0187777777777778,"M1",-0.314135173867818,0.32,"Peripheral nodes","k__Bacteria","p__Gemmatimonadetes","c__Gemmatimonadetes","o__PAUC43f marine benthic group","f__","g__","s__"
"OTU_3122","OTU_3122",14,469,0.00139354914373695,0.0328496885295079,0.0386666666666667,"M1",0.0804809123132425,0.244897959183674,"Peripheral nodes","k__Bacteria","p__Chloroflexi","c__Anaerolineae","o__Anaerolineales","f__Anaerolineaceae","g__","s__"
"OTU_7885","OTU_7885",10,4,0.00107143900721356,0.228512685920341,0.022,"M2",-0.737204174847075,0,"Peripheral nodes","k__Bacteria","p__Proteobacteria","c__Alphaproteobacteria","o__Sphingomonadales","f__Sphingomonadaceae","g__Sphingorhabdus","s__"
"OTU_4047","OTU_4047",1,0,1.29058117797814,0,0.0182222222222222,"M22",NA,NA,NA,"k__Bacteria","p__Acidobacteria","c__Acidobacteria","o__Acidobacteriales","f__Acidobacteriaceae (Subgroup 1)","g__","s__"
"OTU_3296","OTU_3296",1,0,0.00102862945266688,0.000118516737455933,0.0187777777777778,"M1",-1.00471332468467,0,"Peripheral nodes","k__Bacteria","p__Proteobacteria","c__Gammaproteobacteria","o__Xanthomonadales","f__JTB255 marine benthic group","g__","s__"
"OTU_3500","OTU_3500",3,334,0.000629700312335301,9.07792117195191e-06,0.0235555555555556,"M6",0.935414346693485,0,"Peripheral nodes","k__Bacteria","p__Bacteroidetes","c__Sphingobacteriia","o__Sphingobacteriales","f__WCHB1-69","g__","s__"
"OTU_7714","OTU_7714",1,0,0.00111611074100751,0.00260223391241877,0.0101111111111111,"M1",-1.00471332468467,0,"Peripheral nodes","k__Bacteria","p__Proteobacteria","c__Deltaproteobacteria","o__Desulfarculales","f__Desulfarculaceae","g__Desulfatiglans","s__"
"OTU_842","OTU_842",12,71,0.00124015426501023,0.00342470340302778,0.118888888888889,"M1",0.0804809123132425,0,"Peripheral nodes","k__Bacteria","p__Chloroflexi","c__Anaerolineae","o__Anaerolineales","f__Anaerolineaceae","g__","s__"
"OTU_8187","OTU_8187",3,14,0.000898656235834374,1.28338764879428e-05,0.0358888888888889,"M3",-0.157001185992975,0,"Peripheral nodes","k__Bacteria","p__Proteobacteria","c__Alphaproteobacteria","o__Rhodobacterales","f__Rhodobacteraceae","g__","s__"
"OTU_3143","OTU_3143",9,8,0.00126286414434524,0.00351545330419833,0.02,"M1",-0.215481152322553,0,"Peripheral nodes","k__Bacteria","p__Proteobacteria","c__Deltaproteobacteria","o__Desulfobacterales","f__Nitrospinaceae","g__","s__"
"OTU_1287","OTU_1287",1,0,0.000636394429576661,6.89505434290201e-05,0.0254444444444444,"M16",NA,NA,NA,"k__Bacteria","p__Chloroflexi","c__","o__","f__","g__","s__"
"OTU_7629","OTU_7629",15,261,0.00131466101303456,0.00419475230689809,0.0216666666666667,"M1",0.376442976949038,0,"Peripheral nodes","k__Bacteria","p__Chloroflexi","c__Anaerolineae","o__Anaerolineales","f__Anaerolineaceae","g__","s__"
"OTU_4108","OTU_4108",1,0,0.000864490003442993,5.58331975715006e-06,0.015,"M5",-0.707106781186547,0,"Peripheral nodes","k__Bacteria","p__Proteobacteria","c__Deltaproteobacteria","o__Desulfobacterales","f__Desulfobulbaceae","g__Desulfobulbus","s__"
"OTU_1166","OTU_1166",22,2818,0.00149817718799897,0.0166797732540017,0.051,"M1",0.475096998494303,0.417355371900826,"Peripheral nodes","k__Bacteria","p__Proteobacteria","c__Deltaproteobacteria","o__Desulfobacterales","f__Desulfobacteraceae","g__Sva0081 sediment group","s__"
"OTU_2260","OTU_2260",1,0,1.35780309047539,0,0.0112222222222222,"M20",NA,NA,NA,"k__Bacteria","p__Chloroflexi","c__JG30-KF-CM66","o__","f__","g__","s__"
"OTU_1632","OTU_1632",1,0,0.009089084172984,0,0.0108888888888889,"M4",-0.704399932401065,0,"Peripheral nodes","k__Bacteria","p__Chlorobi","c__Ignavibacteria","o__Ignavibacteriales","f__BSV26","g__","s__"
"OTU_3276","OTU_3276",7,739,0.00108414448499147,0.000193000908755442,0.026,"M5",1.41421356237309,0.571428571428571,"Peripheral nodes","k__Bacteria","p__Nitrospirae","c__Nitrospira","o__Nitrospirales","f__Nitrospiraceae","g__","s__"
"OTU_11307","OTU_11307",2,34,0.00993466887390466,4.11593528436127e-18,0.014,"M4",-0.295393520039156,0,"Peripheral nodes","k__Bacteria","p__Actinobacteria","c__Thermoleophilia","o__Gaiellales","f__","g__","s__"
"OTU_7415","OTU_7415",8,550,0.00108506423759626,0.000173738072743629,0.0567777777777778,"M3",1.26449603853801,0,"Peripheral nodes","k__Bacteria","p__Proteobacteria","c__Gammaproteobacteria","o__Xanthomonadales","f__JTB255 marine benthic group","g__","s__"
"OTU_3522","OTU_3522",7,48,0.0168471396936685,0,0.0108888888888889,"M4",1.74963854177039,0,"Peripheral nodes","k__Bacteria","p__Acidobacteria","c__Acidobacteria","o__Subgroup 3","f__","g__Bryobacter","s__"
"OTU_7648","OTU_7648",7,207,0.00114732379698336,0.000504832008881793,0.0336666666666667,"M3",0.41159770381942,0.408163265306122,"Peripheral nodes","k__Bacteria","p__Proteobacteria","c__Gammaproteobacteria","o__Xanthomonadales","f__JTB255 marine benthic group","g__","s__"
"OTU_668","OTU_668",39,325,0.00129059586855094,0.866039099239579,0.0331111111111111,"M2",1.21125445436899,0,"Peripheral nodes","k__Archaea","p__Euryarchaeota","c__Methanobacteria","o__Methanobacteriales","f__Methanobacteriaceae","g__Methanothermobacter","s__"
"OTU_3138","OTU_3138",28,990,0.00139522644267586,0.00659888984466782,0.0156666666666667,"M1",1.36298319240169,0.191326530612245,"Peripheral nodes","k__Bacteria","p__Proteobacteria","c__Betaproteobacteria","o__Nitrosomonadales","f__Nitrosomonadaceae","g__","s__"
"OTU_1169","OTU_1169",23,896,0.00128040252361821,0.522662555920882,0.0135555555555556,"M2",0.0690545682768147,0.0831758034026465,"Peripheral nodes","k__Bacteria","p__Proteobacteria","c__Deltaproteobacteria","o__Syntrophobacterales","f__Syntrophaceae","g__Desulfomonile","s__"
"OTU_2211","OTU_2211",1,0,0.000947867349695538,2.44275735843934e-05,0.0686666666666667,"M3",-0.725600075805369,0,"Peripheral nodes","k__Bacteria","p__Proteobacteria","c__Deltaproteobacteria","o__Desulfobacterales","f__Desulfobulbaceae","g__Desulfobulbus","s__"
"OTU_8175","OTU_8175",9,349,0.00124545157413581,0.00129067293894784,0.013,"M1",-0.314135173867818,0.197530864197531,"Peripheral nodes","k__Bacteria","p__Proteobacteria","c__Gammaproteobacteria","o__Chromatiales","f__Ectothiorhodospiraceae","g__","s__"
"OTU_657","OTU_657",1,0,0.0136429237675021,0,0.0185555555555556,"M4",-0.704399932401065,0,"Peripheral nodes","k__Bacteria","p__Acidobacteria","c__Acidobacteria","o__Subgroup 3","f__","g__Bryobacter","s__"
"OTU_1707","OTU_1707",2,0,0.000888379779060945,0.0125490276127973,0.0296666666666667,"M2",-1.27471000359633,0,"Peripheral nodes","k__Bacteria","p__Proteobacteria","c__Alphaproteobacteria","o__Sphingomonadales","f__Sphingomonadaceae","g__","s__"
"OTU_2003","OTU_2003",8,162,0.0179738086981862,0,0.0152222222222222,"M4",2.1586449541323,0,"Peripheral nodes","k__Bacteria","p__Chloroflexi","c__TK10","o__","f__","g__","s__"
"OTU_3139","OTU_3139",2,0,0.0010454927040205,0.000106616065894051,0.0286666666666667,"M3",-0.441300630899172,0,"Peripheral nodes","k__Bacteria","p__Chloroflexi","c__Anaerolineae","o__Anaerolineales","f__Anaerolineaceae","g__Anaerolinea","s__"
"OTU_3134","OTU_3134",38,1685,0.00150515688014173,0.0113106796582742,0.0146666666666667,"M1",2.54683145094487,0.0512465373961218,"Module hubs","k__Bacteria","p__Gemmatimonadetes","c__Gemmatimonadetes","o__BD2-11 terrestrial group","f__","g__","s__"
"OTU_4522","OTU_4522",1,0,1.3441016876744,0,0.0108888888888889,"M21",NA,NA,NA,"k__Bacteria","p__Proteobacteria","c__Alphaproteobacteria","o__Rhodobacterales","f__Rhodobacteraceae","g__","s__"
"OTU_7686","OTU_7686",7,0,0.0012303929697475,0.00139351345597885,0.0133333333333333,"M1",-0.412789195413083,0,"Peripheral nodes","k__Bacteria","p__Actinobacteria","c__Acidimicrobiia","o__Acidimicrobiales","f__OM1 clade","g__","s__"
"OTU_6200","OTU_6200",1,0,0.0135593809173561,0,0.0181111111111111,"M4",-0.704399932401065,0,"Peripheral nodes","k__Bacteria","p__Acidobacteria","c__Acidobacteria","o__Subgroup 6","f__","g__","s__"
"OTU_659","OTU_659",16,226,0.00106075428358911,0.245481394883695,0.0418888888888889,"M2",-0.33407480328513,0,"Peripheral nodes","k__Bacteria","p__Proteobacteria","c__Alphaproteobacteria","o__Sphingomonadales","f__Sphingomonadaceae","g__Sphingopyxis","s__"
"OTU_1971","OTU_1971",1,0,0.000628984934570066,1.78274641717626e-05,0.0271111111111111,"M9",-0.447213595499958,0,"Peripheral nodes","k__Bacteria","p__Actinobacteria","c__Acidimicrobiia","o__Acidimicrobiales","f__Acidimicrobiaceae","g__Illumatobacter","s__"
"OTU_1812","OTU_1812",3,16,0.00111942746868899,0.000287278248308058,0.0261111111111111,"M3",-0.725600075805369,0.444444444444444,"Peripheral nodes","k__Bacteria","p__Proteobacteria","c__Deltaproteobacteria","o__Desulfuromonadales","f__","g__","s__"
"OTU_154","OTU_154",44,530,0.00113615490050007,0.82470450915782,0.171555555555556,"M2",1.54719559733728,0,"Peripheral nodes","k__Bacteria","p__Proteobacteria","c__Betaproteobacteria","o__Burkholderiales","f__Comamonadaceae","g__","s__"
"OTU_172","OTU_172",34,8415,0.00155164269946663,0.424722090579649,0.203,"M2",-0.266886574691473,0.5,"Peripheral nodes","k__Bacteria","p__Chloroflexi","c__Anaerolineae","o__Anaerolineales","f__Anaerolineaceae","g__","s__"
"OTU_1833","OTU_1833",24,2832,0.00147293485167359,0.0162161763946282,0.0243333333333333,"M1",0.968367106220628,0.225694444444444,"Peripheral nodes","k__Bacteria","p__Planctomycetes","c__OM190","o__","f__","g__","s__"
"OTU_847","OTU_847",35,406,0.00126221402450751,0.824765049981188,0.0443333333333333,"M2",0.942501539994362,0,"Peripheral nodes","k__Bacteria","p__Proteobacteria","c__Alphaproteobacteria","o__Rhodospirillales","f__Rhodospirillaceae","g__Magnetospirillum","s__"
"OTU_2240","OTU_2240",1,0,0.0105926427822405,1.23478058530838e-17,0.0111111111111111,"M4",-0.704399932401065,0,"Peripheral nodes","k__Bacteria","p__Acidobacteria","c__Acidobacteria","o__Subgroup 3","f__","g__Candidatus Solibacter","s__"
"OTU_1196","OTU_1196",15,863,0.0014140044673293,0.0168888738694295,0.117888888888889,"M1",0.179134933858508,0.24,"Peripheral nodes","k__Bacteria","p__Chloroflexi","c__Anaerolineae","o__Anaerolineales","f__Anaerolineaceae","g__","s__"
"OTU_7984","OTU_7984",2,0,0.00109716398913272,0.000350560802757494,0.0128888888888889,"M1",-0.906059303139408,0,"Peripheral nodes","k__Bacteria","p__Planctomycetes","c__OM190","o__","f__","g__","s__"
"OTU_3659","OTU_3659",1,0,0.000631422509155031,1.73761430836836e-05,0.0341111111111111,"M9",-0.447213595499958,0,"Peripheral nodes","k__Bacteria","p__Actinobacteria","c__Actinobacteria","o__Frankiales","f__","g__","s__"
"OTU_2784","OTU_2784",8,969,0.00113816840600348,0.000349616274566967,0.02,"M3",0.695897148725617,0.375,"Peripheral nodes","k__Bacteria","p__Proteobacteria","c__Alphaproteobacteria","o__Rhodobacterales","f__Rhodobacteraceae","g__Thioclava","s__"
"OTU_1854","OTU_1854",2,2,0.00103818584020774,0.000113143397586477,0.0398888888888889,"M3",-0.725600075805369,0.5,"Peripheral nodes","k__Bacteria","p__Proteobacteria","c__Alphaproteobacteria","o__Rhodobacterales","f__Rhodobacteraceae","g__","s__"
"OTU_2274","OTU_2274",1,0,0.00888521035019818,3.70434175592514e-17,0.0118888888888889,"M4",-0.704399932401065,0,"Peripheral nodes","k__Bacteria","p__Chloroflexi","c__Gitt-GS-136","o__","f__","g__","s__"
"OTU_3194","OTU_3194",12,207,0.0012829028542877,0.00331244432384613,0.06,"M1",-0.0181731092320225,0.152777777777778,"Peripheral nodes","k__Bacteria","p__Chloroflexi","c__Anaerolineae","o__Anaerolineales","f__Anaerolineaceae","g__","s__"
"OTU_1471","OTU_1471",1,0,1.42594346351229,0,0.0285555555555556,"M24",NA,NA,NA,"k__Bacteria","p__Proteobacteria","c__Alphaproteobacteria","o__Rhodobacterales","f__Rhodobacteraceae","g__","s__"
"OTU_426","OTU_426",9,642,0.00112864129486148,0.000273402100730655,0.062,"M3",1.26449603853801,0.197530864197531,"Peripheral nodes","k__Bacteria","p__Acidobacteria","c__Acidobacteria","o__Subgroup 4","f__","g__Blastocatella","s__"
"OTU_7396","OTU_7396",2,0,0.00102120747439363,0.000375341081812244,0.0211111111111111,"M1",-0.906059303139408,0,"Peripheral nodes","k__Bacteria","p__Proteobacteria","c__Gammaproteobacteria","o__KI89A clade","f__","g__","s__"
"OTU_7389","OTU_7389",8,14,0.00123238297339795,0.00102813600277773,0.0102222222222222,"M1",-0.610097238503613,0.53125,"Peripheral nodes","k__Bacteria","p__Deinococcus-Thermus","c__Deinococci","o__Deinococcales","f__Trueperaceae","g__Truepera","s__"
"OTU_1830","OTU_1830",8,78,0.00134882888130714,0.00564184051284642,0.0595555555555556,"M1",-0.314135173867818,0,"Peripheral nodes","k__Bacteria","p__Acidobacteria","c__Holophagae","o__Subgroup 23","f__","g__","s__"
"OTU_1243","OTU_1243",25,183,0.00111213287824578,0.595324889360149,0.0184444444444444,"M2",0.270619254057787,0,"Peripheral nodes","k__Bacteria","p__Bacteroidetes","c__Cytophagia","o__Cytophagales","f__Cytophagaceae","g__Arcicella","s__"
"OTU_438","OTU_438",1,0,0.000992853470557583,0.0272223852422918,0.0737777777777778,"M2",-1.34189823218999,0,"Peripheral nodes","k__Bacteria","p__Bacteroidetes","c__Bacteroidetes BD2-2","o__","f__","g__","s__"
"OTU_3268","OTU_3268",17,201,0.0013145893800934,0.00398737024355323,0.0326666666666667,"M1",0.573751020039568,0,"Peripheral nodes","k__Bacteria","p__Bacteroidetes","c__Cytophagia","o__Cytophagales","f__Flammeovirgaceae","g__","s__"
"OTU_7548","OTU_7548",2,78,0.00108680500967553,0.000518923089098058,0.0103333333333333,"M1",-0.906059303139408,0,"Peripheral nodes","k__Bacteria","p__Proteobacteria","c__Deltaproteobacteria","o__Desulfobacterales","f__Nitrospinaceae","g__","s__"
"OTU_12238","OTU_12238",2,6,0.0123006542073974,0,0.017,"M4",-0.295393520039156,0,"Peripheral nodes","k__Bacteria","p__Acidobacteria","c__Acidobacteria","o__Subgroup 2","f__","g__","s__"
"OTU_3098","OTU_3098",8,0,0.00121490386426445,0.00134736007461573,0.0176666666666667,"M1",-0.314135173867818,0,"Peripheral nodes","k__Bacteria","p__Bacteroidetes","c__Sphingobacteriia","o__Sphingobacteriales","f__Saprospiraceae","g__","s__"
"OTU_4516","OTU_4516",1,0,1.3441016876744,0,0.0126666666666667,"M21",NA,NA,NA,"k__Bacteria","p__Chloroflexi","c__Chloroflexia","o__Chloroflexales","f__","g__","s__"
"OTU_4036","OTU_4036",1,0,0.0111534187309331,1.23478058530838e-17,0.0147777777777778,"M4",-0.704399932401065,0,"Peripheral nodes","k__Bacteria","p__Chloroflexi","c__Anaerolineae","o__Anaerolineales","f__Anaerolineaceae","g__","s__"
"OTU_3132","OTU_3132",29,852,0.00142832280665105,0.00663101487891006,0.0116666666666667,"M1",1.16567514931116,0.328180737217598,"Peripheral nodes","k__Bacteria","p__Acidobacteria","c__Acidobacteria","o__Subgroup 21","f__","g__","s__"
"OTU_3105","OTU_3105",9,162,0.00130250288867352,0.00285816263479242,0.0164444444444444,"M1",-0.215481152322553,0,"Peripheral nodes","k__Bacteria","p__Chloroflexi","c__Anaerolineae","o__Anaerolineales","f__Anaerolineaceae","g__","s__"
"OTU_8057","OTU_8057",1,0,0.000915830966994438,5.4145142005206e-05,0.0336666666666667,"M1",-1.00471332468467,0,"Peripheral nodes","k__Bacteria","p__Proteobacteria","c__Gammaproteobacteria","o__Xanthomonadales","f__JTB255 marine benthic group","g__","s__"
"OTU_530","OTU_530",9,1723,0.0014051911214148,0.0877337914092497,0.100111111111111,"M1",-0.610097238503613,0.493827160493827,"Peripheral nodes","k__Bacteria","p__Proteobacteria","c__Gammaproteobacteria","o__Xanthomonadales","f__JTB255 marine benthic group","g__","s__"
"OTU_702","OTU_702",1,0,0.00062859471724901,8.82163178430697e-06,0.0234444444444444,"M6",-0.935414346693485,0,"Peripheral nodes","k__Bacteria","p__Chloroflexi","c__Anaerolineae","o__Anaerolineales","f__Anaerolineaceae","g__Anaerolinea","s__"
"OTU_7899","OTU_7899",1,0,0.00111576210552126,0.00088045026406991,0.0348888888888889,"M1",-1.00471332468467,0,"Peripheral nodes","k__Bacteria","p__Proteobacteria","c__Deltaproteobacteria","o__Desulfobacterales","f__Desulfobulbaceae","g__Desulfobulbus","s__"
"OTU_178","OTU_178",25,2475,0.00111970704722494,0.335276585254867,0.107,"M2",0.20343102546413,0.0768,"Peripheral nodes","k__Bacteria","p__Bacteroidetes","c__Sphingobacteriia","o__Sphingobacteriales","f__Sphingobacteriaceae","g__Pedobacter","s__"
"OTU_2775","OTU_2775",1,0,1.35780309047539,0,0.0192222222222222,"M20",NA,NA,NA,"k__Bacteria","p__Proteobacteria","c__Gammaproteobacteria","o__Chromatiales","f__Ectothiorhodospiraceae","g__","s__"
"OTU_11045","OTU_11045",3,11,0.0130785190165817,1.64637411374451e-17,0.0148888888888889,"M4",0.113612892322752,0,"Peripheral nodes","k__Bacteria","p__Acidobacteria","c__Acidobacteria","o__Acidobacteriales","f__Acidobacteriaceae (Subgroup 1)","g__Candidatus Koribacter","s__"
"OTU_1839","OTU_1839",2,5,0.00107625370286319,0.000571307491173695,0.0126666666666667,"M1",-0.906059303139408,0,"Peripheral nodes","k__Bacteria","p__Chloroflexi","c__Anaerolineae","o__Anaerolineales","f__Anaerolineaceae","g__","s__"
"OTU_1850","OTU_1850",40,1371,0.00143381387825595,0.00613206360122934,0.0167777777777778,"M1",2.4481774293996,0.18,"Peripheral nodes","k__Bacteria","p__Proteobacteria","c__Betaproteobacteria","o__Methylophilales","f__Methylophilaceae","g__Methylotenera","s__"
"OTU_626","OTU_626",5,0,0.00089116125400565,0.0185587104597883,0.0376666666666667,"M2",-1.07314531781536,0,"Peripheral nodes","k__Bacteria","p__Bacteroidetes","c__Flavobacteriia","o__Flavobacteriales","f__Flavobacteriaceae","g__Flavobacterium","s__"
"OTU_1901","OTU_1901",29,29,0.00110008068545251,0.694805662694874,0.018,"M2",0.539372168432417,0,"Peripheral nodes","k__Bacteria","p__Proteobacteria","c__Betaproteobacteria","o__Burkholderiales","f__Alcaligenaceae","g__GKS98 freshwater group","s__"
"OTU_3712","OTU_3712",15,1325,0.00115302897010518,0.000450600706817149,0.0117777777777778,"M3",2.685993263069,0.231111111111111,"Module hubs","k__Bacteria","p__SHA-109","c__","o__","f__","g__","s__"
"OTU_1858","OTU_1858",11,781,0.00108608138896894,0.000153778518955823,0.0263333333333333,"M3",2.1173943732566,0,"Peripheral nodes","k__Bacteria","p__Planctomycetes","c__Planctomycetacia","o__Planctomycetales","f__Planctomycetaceae","g__Rubripirellula","s__"
"OTU_4","OTU_4",2,525,0.00119089524589712,0.0295264389739418,0.0471111111111111,"M2",-1.34189823218999,0.5,"Peripheral nodes","k__Bacteria","p__Proteobacteria","c__Epsilonproteobacteria","o__Campylobacterales","f__Helicobacteraceae","g__Sulfurovum","s__"
"OTU_943","OTU_943",4,1327,0.000740337143298424,0.000297639712976985,0.0336666666666667,"M6",1.87082869338697,0,"Peripheral nodes","k__Bacteria","p__Bacteroidetes","c__Sphingobacteriia","o__Sphingobacteriales","f__WCHB1-69","g__","s__"
"OTU_2358","OTU_2358",1,0,0.000666082799321206,3.52233619516483e-08,0.0177777777777778,"M3",-0.725600075805369,0,"Peripheral nodes","k__Bacteria","p__Chloroflexi","c__Anaerolineae","o__Anaerolineales","f__Anaerolineaceae","g__","s__"
"OTU_1842","OTU_1842",2,6,0.000999490393096367,7.24671173913658e-05,0.014,"M5",-0.707106781186547,0.5,"Peripheral nodes","k__Bacteria","p__Proteobacteria","c__Alphaproteobacteria","o__Rhodobacterales","f__Rhodobacteraceae","g__","s__"
"OTU_3295","OTU_3295",1,0,0.000865652309344436,8.65854156980099e-06,0.0125555555555556,"M1",-1.00471332468467,0,"Peripheral nodes","k__Bacteria","p__Bacteroidetes","c__Cytophagia","o__Order II","f__Rhodothermaceae","g__","s__"
"OTU_7615","OTU_7615",1,0,0.00100706139442591,6.07243647283917e-05,0.0138888888888889,"M1",-1.00471332468467,0,"Peripheral nodes","k__Bacteria","p__Proteobacteria","c__Alphaproteobacteria","o__Rhizobiales","f__Rhizobiaceae","g__Ensifer","s__"
"OTU_1168","OTU_1168",1,0,0.000963610172087333,0.000107272126724432,0.0318888888888889,"M1",-1.00471332468467,0,"Peripheral nodes","k__Bacteria","p__Proteobacteria","c__Gammaproteobacteria","o__Cellvibrionales","f__Halieaceae","g__","s__"
"OTU_8256","OTU_8256",1,0,0.00087941921748604,1.37691297620779e-05,0.0178888888888889,"M3",-0.725600075805369,0,"Peripheral nodes","k__Bacteria","p__Bacteroidetes","c__Flavobacteriia","o__Flavobacteriales","f__Flavobacteriaceae","g__Muriicola","s__"
"OTU_10525","OTU_10525",2,27,0.000971510414845524,2.84637107765809e-05,0.0103333333333333,"M3",-0.441300630899172,0,"Peripheral nodes","k__Bacteria","p__Proteobacteria","c__Alphaproteobacteria","o__Rhodobacterales","f__Rhodobacteraceae","g__","s__"
"OTU_874","OTU_874",34,25,0.00110194405641641,0.78244538287331,0.0336666666666667,"M2",0.875313311400704,0,"Peripheral nodes","k__Bacteria","p__Actinobacteria","c__Actinobacteria","o__Frankiales","f__Sporichthyaceae","g__hgcI clade","s__"
"OTU_7403","OTU_7403",4,0,0.00103916868165842,0.113544724474771,0.0124444444444444,"M2",-1.14033354640902,0,"Peripheral nodes","k__Bacteria","p__Actinobacteria","c__Actinobacteria","o__Pseudonocardiales","f__Pseudonocardiaceae","g__Saccharopolyspora","s__"
"OTU_1891","OTU_1891",35,20,0.00109103175912234,0.785925048051744,0.0291111111111111,"M2",0.942501539994362,0,"Peripheral nodes","k__Bacteria","p__Firmicutes","c__Bacilli","o__Bacillales","f__Bacillaceae","g__Bacillus","s__"
"OTU_1869","OTU_1869",3,2,0.000915229847686879,2.48416368540867e-05,0.0165555555555556,"M3",-0.157001185992975,0,"Peripheral nodes","k__Bacteria","p__Acidobacteria","c__Acidobacteria","o__Subgroup 3","f__PAUC26f","g__","s__"
"OTU_3321","OTU_3321",5,741,0.00120843620575034,0.000868750133984186,0.0306666666666667,"M3",-0.157001185992975,0.48,"Peripheral nodes","k__Bacteria","p__Acidobacteria","c__Acidobacteria","o__Subgroup 17","f__","g__","s__"
"OTU_7541","OTU_7541",8,230,0.00126505022169254,0.00154206465315602,0.0115555555555556,"M3",-0.157001185992975,0.46875,"Peripheral nodes","k__Bacteria","p__Acidobacteria","c__Acidobacteria","o__Subgroup 18","f__","g__","s__"
"OTU_3727","OTU_3727",1,0,0.000547881210159867,2.6574250253121e-07,0.0248888888888889,"M6",-0.935414346693485,0,"Peripheral nodes","k__Bacteria","p__Bacteroidetes","c__Bacteroidetes vadinHA17","o__","f__","g__","s__"
"OTU_8122","OTU_8122",2,20,0.0011052154779954,0.000740890719784253,0.0111111111111111,"M1",-0.906059303139408,0,"Peripheral nodes","k__Bacteria","p__Actinobacteria","c__Acidimicrobiia","o__Acidimicrobiales","f__OM1 clade","g__","s__"
"OTU_3698","OTU_3698",1,0,0.471805858282205,4.11593528436127e-18,0.0117777777777778,"M11",-0.577350269189626,0,"Peripheral nodes","k__Bacteria","p__Actinobacteria","c__OPB41","o__","f__","g__","s__"
"OTU_3101","OTU_3101",1,0,0.000659083400023347,4.36507451325426e-08,0.0264444444444444,"M3",-0.725600075805369,0,"Peripheral nodes","k__Bacteria","p__Proteobacteria","c__Alphaproteobacteria","o__Rhodobacterales","f__Rhodobacteraceae","g__","s__"
"OTU_851","OTU_851",9,231,0.00127376194902856,0.00229208130675327,0.0483333333333333,"M1",-0.314135173867818,0.197530864197531,"Peripheral nodes","k__Bacteria","p__Proteobacteria","c__Gammaproteobacteria","o__Chromatiales","f__Ectothiorhodospiraceae","g__","s__"
"OTU_3319","OTU_3319",1,0,0.000854234846464969,5.46146722767545e-06,0.0115555555555556,"M5",-0.707106781186547,0,"Peripheral nodes","k__Bacteria","p__Gemmatimonadetes","c__Gemmatimonadetes","o__BD2-11 terrestrial group","f__","g__","s__"
"OTU_7418","OTU_7418",15,265,0.00134970474696987,0.0215308825413923,0.0197777777777778,"M1",0.277788955403773,0.124444444444444,"Peripheral nodes","k__Bacteria","p__Bacteroidetes","c__Bacteroidetes BD2-2","o__","f__","g__","s__"
"OTU_3127","OTU_3127",18,2069,0.00142894568240188,0.032945588011086,0.0486666666666667,"M1",0.376442976949038,0.290123456790123,"Peripheral nodes","k__Bacteria","p__Acidobacteria","c__Holophagae","o__Subgroup 10","f__Sva0725","g__","s__"
"OTU_3150","OTU_3150",24,527,0.00138486727109278,0.00706916745572745,0.0103333333333333,"M1",1.16567514931116,0.0798611111111112,"Peripheral nodes","k__Bacteria","p__Aminicenantes","c__","o__","f__","g__","s__"
"OTU_8083","OTU_8083",18,745,0.00131383368868673,0.00521521326122014,0.0134444444444444,"M1",0.573751020039568,0.104938271604938,"Peripheral nodes","k__Bacteria","p__Actinobacteria","c__Acidimicrobiia","o__Acidimicrobiales","f__OM1 clade","g__","s__"
"OTU_7609","OTU_7609",1,0,0.00101219386867179,0.000122214419597599,0.033,"M1",-1.00471332468467,0,"Peripheral nodes","k__Bacteria","p__Proteobacteria","c__Alphaproteobacteria","o__Rhodobacterales","f__Rhodobacteraceae","g__","s__"
"OTU_519","OTU_519",1,0,0.000997819744299125,0.000155176535294891,0.0692222222222222,"M1",-1.00471332468467,0,"Peripheral nodes","k__Bacteria","p__Proteobacteria","c__Deltaproteobacteria","o__Desulfobacterales","f__Desulfobulbaceae","g__Desulfobulbus","s__"
"OTU_1397","OTU_1397",2,334,0.00089665135314447,1.38900421433271e-05,0.0136666666666667,"M3",-0.441300630899172,0,"Peripheral nodes","k__Bacteria","p__Proteobacteria","c__Gammaproteobacteria","o__Alteromonadales","f__Shewanellaceae","g__Shewanella","s__"
"OTU_266","OTU_266",40,700,0.00131502105820117,0.882895752817343,0.0327777777777778,"M2",1.21125445436899,0.04875,"Peripheral nodes","k__Bacteria","p__Spirochaetae","c__Spirochaetes","o__Spirochaetales","f__Spirochaetaceae","g__","s__"
"OTU_8849","OTU_8849",2,1,0.70839357838006,8.23187056872254e-18,0.0183333333333333,"M11",1.15470053837925,0,"Peripheral nodes","k__Bacteria","p__Bacteroidetes","c__Sphingobacteriia","o__Sphingobacteriales","f__WCHB1-69","g__","s__"
"OTU_3151","OTU_3151",9,355,0.00121041070680702,0.00167366507400444,0.0115555555555556,"M1",-0.412789195413083,0.345679012345679,"Peripheral nodes","k__Bacteria","p__Bacteroidetes","c__Sphingobacteriia","o__Sphingobacteriales","f__Saprospiraceae","g__","s__"
"OTU_3289","OTU_3289",1,0,0.000994408878467854,4.74778952963011e-05,0.0212222222222222,"M1",-1.00471332468467,0,"Peripheral nodes","k__Bacteria","p__Actinobacteria","c__Acidimicrobiia","o__Acidimicrobiales","f__Sva0996 marine group","g__","s__"
"OTU_3199","OTU_3199",17,1120,0.00133024858189312,0.00203918852422345,0.0118888888888889,"M1",0.376442976949038,0.214532871972318,"Peripheral nodes","k__Bacteria","p__Bacteroidetes","c__Cytophagia","o__Order II","f__Rhodothermaceae","g__","s__"
"OTU_3274","OTU_3274",2,0,0.00101003170438996,8.30985321370592e-05,0.0218888888888889,"M5",-0.707106781186547,0.5,"Peripheral nodes","k__Bacteria","p__Proteobacteria","c__Deltaproteobacteria","o__Desulfobacterales","f__Desulfobulbaceae","g__Desulfobulbus","s__"
"OTU_464","OTU_464",15,4012,0.00149315668958618,0.0909088749140065,0.0618888888888889,"M1",-0.0181731092320225,0.391111111111111,"Peripheral nodes","k__Bacteria","p__Proteobacteria","c__Deltaproteobacteria","o__Syntrophobacterales","f__Syntrophobacteraceae","g__","s__"
"OTU_7975","OTU_7975",32,790,0.00139036318171271,0.0086811157795511,0.0102222222222222,"M1",2.05356134321854,0,"Peripheral nodes","k__Bacteria","p__Bacteroidetes","c__Bacteroidetes BD2-2","o__","f__","g__","s__"
"OTU_12327","OTU_12327",14,597,0.00130163831028702,0.00162048023188756,0.0168888888888889,"M1",-0.0181731092320225,0.336734693877551,"Peripheral nodes","k__Bacteria","p__Proteobacteria","c__Gammaproteobacteria","o__Xanthomonadales","f__JTB255 marine benthic group","g__","s__"
"OTU_3163","OTU_3163",4,19,0.00106007418760467,0.000336912006726387,0.0175555555555556,"M1",-0.708751260048878,0,"Peripheral nodes","k__Bacteria","p__Planctomycetes","c__Planctomycetacia","o__Planctomycetales","f__Planctomycetaceae","g__Pirellula","s__"
"OTU_8001","OTU_8001",1,0,0.000739635016483275,3.39300958830764e-07,0.0257777777777778,"M5",-0.707106781186547,0,"Peripheral nodes","k__Bacteria","p__Proteobacteria","c__Gammaproteobacteria","o__Sva0071","f__","g__","s__"
"OTU_1179","OTU_1179",1,0,0.00104062440098779,0.000542293996156499,0.019,"M1",-1.00471332468467,0,"Peripheral nodes","k__Bacteria","p__Chloroflexi","c__Anaerolineae","o__Anaerolineales","f__Anaerolineaceae","g__","s__"
"OTU_3159","OTU_3159",34,1060,0.00143279257235308,0.00869860714694135,0.0228888888888889,"M1",1.95490732167328,0.160899653979239,"Peripheral nodes","k__Bacteria","p__Actinobacteria","c__OPB41","o__","f__","g__","s__"
"OTU_6427","OTU_6427",2,334,0.000898443037467728,1.15021875710601e-05,0.015,"M5",0,0,"Peripheral nodes","k__Bacteria","p__Gemmatimonadetes","c__Gemmatimonadetes","o__PAUC43f marine benthic group","f__","g__","s__"
"OTU_7630","OTU_7630",35,1580,0.00142814244418289,0.00533249320911119,0.0164444444444444,"M1",1.65894525703748,0.32,"Peripheral nodes","k__Bacteria","p__Planctomycetes","c__Planctomycetacia","o__Planctomycetales","f__Planctomycetaceae","g__","s__"
"OTU_3097","OTU_3097",16,120,0.00132817705736114,0.00418906578068572,0.0228888888888889,"M1",0.475096998494303,0,"Peripheral nodes","k__Bacteria","p__Proteobacteria","c__Deltaproteobacteria","o__Desulfobacterales","f__Desulfobacteraceae","g__Sva0081 sediment group","s__"
"OTU_7751","OTU_7751",4,139,0.00120443856405536,0.000757985924613812,0.0146666666666667,"M1",-0.807405281594143,0.375,"Peripheral nodes","k__Bacteria","p__Planctomycetes","c__Planctomycetacia","o__Planctomycetales","f__Planctomycetaceae","g__","s__"
"OTU_1885","OTU_1885",34,4192,0.00140751194400129,0.0032412779260482,0.0265555555555556,"M3",4.39178993250618,0.493079584775087,"Module hubs","k__Bacteria","p__Planctomycetes","c__Planctomycetacia","o__Planctomycetales","f__Planctomycetaceae","g__Rubripirellula","s__"
"OTU_1840","OTU_1840",20,371,0.00134909661154834,0.00399527400077436,0.0422222222222222,"M1",0.573751020039568,0.265,"Peripheral nodes","k__Bacteria","p__Acidobacteria","c__Acidobacteria","o__Subgroup 17","f__","g__","s__"
"OTU_1853","OTU_1853",7,145,0.00121643086569278,0.00103611381921653,0.0184444444444444,"M1",-0.412789195413083,0,"Peripheral nodes","k__Bacteria","p__Verrucomicrobia","c__OPB35 soil group","o__","f__","g__","s__"
"OTU_3099","OTU_3099",44,1949,0.00150987191324639,0.0304901162585121,0.0247777777777778,"M1",3.04010155867119,0.0878099173553719,"Module hubs","k__Bacteria","p__Verrucomicrobia","c__Verrucomicrobiae","o__Verrucomicrobiales","f__Verrucomicrobiaceae","g__Haloferula","s__"
"OTU_3166","OTU_3166",29,1219,0.00141929610902615,0.00749374493300076,0.0245555555555556,"M1",1.65894525703748,0.0665873959571938,"Peripheral nodes","k__Bacteria","p__Chloroflexi","c__Ardenticatenia","o__","f__","g__","s__"
"OTU_7360","OTU_7360",6,4,0.00121238503922508,0.00103752356342944,0.0245555555555556,"M1",-0.511443216958348,0,"Peripheral nodes","k__Bacteria","p__Proteobacteria","c__Gammaproteobacteria","o__Xanthomonadales","f__JTB255 marine benthic group","g__","s__"
"OTU_3265","OTU_3265",2,0,0.000985225945171866,6.16636459131432e-05,0.0116666666666667,"M5",-0.707106781186547,0.5,"Peripheral nodes","k__Bacteria","p__Nitrospirae","c__Nitrospira","o__Nitrospirales","f__Nitrospiraceae","g__","s__"
"OTU_649","OTU_649",23,1561,0.0013881443801763,0.00400538282780933,0.0423333333333333,"M1",0.869713084675363,0.234404536862004,"Peripheral nodes","k__Archaea","p__Miscellaneous Crenarchaeotic Group","c__","o__","f__","g__","s__"
"OTU_658","OTU_658",2,2,0.00111021595032876,0.000453473945946665,0.0363333333333333,"M1",-0.906059303139408,0,"Peripheral nodes","k__Bacteria","p__Lentisphaerae","c__R76-B128","o__","f__","g__","s__"
"OTU_733","OTU_733",8,732,0.00117694610784073,0.000518300044841503,0.0261111111111111,"M3",0.127298258913223,0.59375,"Peripheral nodes","k__Bacteria","p__Acidobacteria","c__Acidobacteria","o__Subgroup 21","f__","g__","s__"
"OTU_1832","OTU_1832",10,478,0.00116518282435407,0.000589846399255689,0.0174444444444444,"M3",0.980196593631814,0.42,"Peripheral nodes","k__Bacteria","p__Acidobacteria","c__Acidobacteria","o__Subgroup 9","f__","g__","s__"
"OTU_863","OTU_863",40,3905,0.00159121116058513,0.0293516109124849,0.0768888888888889,"M1",2.64548547249013,0.0962499999999999,"Module hubs","k__Bacteria","p__Proteobacteria","c__Deltaproteobacteria","o__Desulfobacterales","f__Desulfobacteraceae","g__","s__"
"OTU_1827","OTU_1827",2,996,0.000959399851340083,5.0113570844992e-05,0.0272222222222222,"M3",-0.441300630899172,0,"Peripheral nodes","k__Bacteria","p__Planctomycetes","c__Planctomycetacia","o__Planctomycetales","f__Planctomycetaceae","g__Planctomyces","s__"
"OTU_353","OTU_353",13,1196,0.00137931341332413,0.0186187463174573,0.067,"M1",-0.116827130777288,0.378698224852071,"Peripheral nodes","k__Bacteria","p__Chloroflexi","c__Anaerolineae","o__Anaerolineales","f__Anaerolineaceae","g__","s__"
"OTU_427","OTU_427",22,1630,0.00136334584806577,0.00389096077004649,0.0478888888888889,"M1",0.475096998494303,0.417355371900826,"Peripheral nodes","k__Bacteria","p__Proteobacteria","c__Deltaproteobacteria","o__Myxococcales","f__Sandaracinaceae","g__","s__"
"OTU_7346","OTU_7346",24,1041,0.00138265508491567,0.00445782604138939,0.0173333333333333,"M1",0.968367106220628,0.21875,"Peripheral nodes","k__Bacteria","p__Proteobacteria","c__Deltaproteobacteria","o__Sh765B-TzT-29","f__","g__","s__"
"OTU_651","OTU_651",8,39,0.00126560097680008,0.00137868012397248,0.0351111111111111,"M1",-0.314135173867818,0,"Peripheral nodes","k__Bacteria","p__Proteobacteria","c__Deltaproteobacteria","o__Syntrophobacterales","f__Syntrophobacteraceae","g__","s__"
"OTU_4531","OTU_4531",3,25,0.00112537895011158,0.000345864459241046,0.0225555555555556,"M3",-0.441300630899172,0.444444444444444,"Peripheral nodes","k__Bacteria","p__Acidobacteria","c__Acidobacteria","o__Subgroup 17","f__","g__","s__"
"OTU_8360","OTU_8360",1,0,0.000727246933213358,4.4541312762627e-07,0.0104444444444444,"M3",-0.725600075805369,0,"Peripheral nodes","k__Bacteria","p__Proteobacteria","c__Alphaproteobacteria","o__Sphingomonadales","f__Erythrobacteraceae","g__Croceicoccus","s__"
"OTU_3266","OTU_3266",13,195,0.00130514424242509,0.00284782495928747,0.0105555555555556,"M1",0.0804809123132425,0.142011834319527,"Peripheral nodes","k__Bacteria","p__Latescibacteria","c__","o__","f__","g__","s__"
"OTU_7400","OTU_7400",2,3,0.000935072083068133,0.000102015414925205,0.0107777777777778,"M1",-0.906059303139408,0,"Peripheral nodes","k__Bacteria","p__Aminicenantes","c__","o__","f__","g__","s__"
"OTU_1884","OTU_1884",9,129,0.00124942349882104,0.00199460080335852,0.0106666666666667,"M1",-0.215481152322553,0,"Peripheral nodes","k__Bacteria","p__Planctomycetes","c__Planctomycetacia","o__Planctomycetales","f__Planctomycetaceae","g__Planctomyces","s__"
"OTU_1815","OTU_1815",13,313,0.00131762074528059,0.00342180301659174,0.0552222222222222,"M1",-0.0181731092320225,0.260355029585799,"Peripheral nodes","k__Bacteria","p__Bacteroidetes","c__Flavobacteriia","o__Flavobacteriales","f__Flavobacteriaceae","g__Lutimonas","s__"
"OTU_1171","OTU_1171",12,33,0.00134939862260167,0.00720103887254344,0.029,"M1",0.0804809123132425,0,"Peripheral nodes","k__Bacteria","p__Proteobacteria","c__Gammaproteobacteria","o__Xanthomonadales","f__JTB255 marine benthic group","g__","s__"
"OTU_1845","OTU_1845",1,0,0.0011066285184364,0.00047643350975878,0.0228888888888889,"M1",-1.00471332468467,0,"Peripheral nodes","k__Bacteria","p__Actinobacteria","c__Actinobacteria","o__Micrococcales","f__Demequinaceae","g__Lysinimicrobium","s__"
"OTU_1889","OTU_1889",1,0,0.000795382058047082,1.27598900537515e-06,0.0101111111111111,"M5",-0.707106781186547,0,"Peripheral nodes","k__Bacteria","p__Proteobacteria","c__Gammaproteobacteria","o__E01-9C-26 marine group","f__","g__","s__"
"OTU_7319","OTU_7319",6,42,0.00115275433357769,0.000603345434432636,0.0134444444444444,"M3",-0.157001185992975,0.5,"Peripheral nodes","k__Bacteria","p__Planctomycetes","c__Planctomycetacia","o__Planctomycetales","f__Planctomycetaceae","g__","s__"
"OTU_1172","OTU_1172",20,474,0.00139153972984938,0.00967635623682339,0.0412222222222222,"M1",0.869713084675363,0,"Peripheral nodes","k__Bacteria","p__Proteobacteria","c__Gammaproteobacteria","o__Xanthomonadales","f__","g__","s__"
"OTU_3100","OTU_3100",5,291,0.00121801590843438,0.000810143404365059,0.0232222222222222,"M3",-0.157001185992975,0.48,"Peripheral nodes","k__Bacteria","p__Chlorobi","c__Ignavibacteria","o__Ignavibacteriales","f__BSV26","g__","s__"
"OTU_7474","OTU_7474",20,1129,0.00137542584618863,0.00645839576671666,0.0165555555555556,"M1",0.672405041584833,0.18,"Peripheral nodes","k__Bacteria","p__Chloroflexi","c__Anaerolineae","o__Anaerolineales","f__Anaerolineaceae","g__Pelolinea","s__"
"OTU_7636","OTU_7636",23,617,0.00135296985802482,0.00526155923931526,0.011,"M1",1.06702112776589,0.0831758034026465,"Peripheral nodes","k__Bacteria","p__Chloroflexi","c__Anaerolineae","o__Anaerolineales","f__Anaerolineaceae","g__","s__"
"OTU_7470","OTU_7470",3,0,0.00118637943595882,0.00141615048002982,0.0172222222222222,"M1",-0.807405281594143,0,"Peripheral nodes","k__Bacteria","p__Proteobacteria","c__Deltaproteobacteria","o__Desulfobacterales","f__Desulfobulbaceae","g__Desulfopila","s__"
"OTU_1838","OTU_1838",14,690,0.00140672286338051,0.0196139123242759,0.0307777777777778,"M1",0.179134933858508,0.13265306122449,"Peripheral nodes","k__Bacteria","p__Proteobacteria","c__Deltaproteobacteria","o__Sva0485","f__","g__","s__"
"OTU_1718","OTU_1718",3,6,0.00117357141521731,0.00184477402572283,0.032,"M1",-0.807405281594143,0,"Peripheral nodes","k__Bacteria","p__Proteobacteria","c__Gammaproteobacteria","o__Chromatiales","f__Ectothiorhodospiraceae","g__","s__"
"OTU_1857","OTU_1857",6,366,0.00117783704943923,0.00180596130216968,0.0826666666666667,"M1",-0.511443216958348,0,"Peripheral nodes","k__Bacteria","p__Proteobacteria","c__Gammaproteobacteria","o__Xanthomonadales","f__JTB255 marine benthic group","g__","s__"
"OTU_8026","OTU_8026",46,2186,0.00149706314320898,0.0163778063736545,0.0131111111111111,"M1",3.23740960176172,0.0831758034026465,"Module hubs","k__Bacteria","p__Proteobacteria","c__Deltaproteobacteria","o__Desulfobacterales","f__Desulfobulbaceae","g__","s__"
"OTU_7424","OTU_7424",1,0,0.000866051972779208,4.44027953917243e-06,0.0125555555555556,"M3",-0.725600075805369,0,"Peripheral nodes","k__Bacteria","p__Planctomycetes","c__Planctomycetacia","o__Planctomycetales","f__Planctomycetaceae","g__","s__"
"OTU_650","OTU_650",3,0,0.00120629008139987,0.025450926746146,0.0441111111111111,"M2",-1.27471000359633,0.444444444444444,"Peripheral nodes","k__Bacteria","p__Chloroflexi","c__Anaerolineae","o__Anaerolineales","f__Anaerolineaceae","g__","s__"
"OTU_8203","OTU_8203",17,598,0.00133413025892947,0.00251265972153062,0.0193333333333333,"M1",0.475096998494303,0.110726643598616,"Peripheral nodes","k__Bacteria","p__Bacteroidetes","c__Flavobacteriia","o__Flavobacteriales","f__Flavobacteriaceae","g__Actibacter","s__"
"OTU_8082","OTU_8082",6,37,0.00113396684228412,0.00056268029449678,0.0133333333333333,"M1",-0.610097238503613,0.277777777777778,"Peripheral nodes","k__Bacteria","p__Proteobacteria","c__Gammaproteobacteria","o__Xanthomonadales","f__JTB255 marine benthic group","g__","s__"
"OTU_7467","OTU_7467",13,300,0.00129514605574937,0.00239346159327824,0.0246666666666667,"M1",0.0804809123132425,0.142011834319527,"Peripheral nodes","k__Bacteria","p__Gemmatimonadetes","c__Gemmatimonadetes","o__PAUC43f marine benthic group","f__","g__","s__"
"OTU_1181","OTU_1181",1,0,0.000938829842215247,2.5483239010509e-05,0.0284444444444444,"M3",-0.725600075805369,0,"Peripheral nodes","k__Bacteria","p__Proteobacteria","c__Alphaproteobacteria","o__Rhodobacterales","f__Rhodobacteraceae","g__Rhodovulum","s__"
"OTU_4519","OTU_4519",1,0,0.000848931378236637,5.08537141757696e-06,0.0142222222222222,"M3",-0.725600075805369,0,"Peripheral nodes","k__Bacteria","p__Planctomycetes","c__Planctomycetacia","o__Planctomycetales","f__Planctomycetaceae","g__Pirellula","s__"
"OTU_1216","OTU_1216",11,506,0.00132153530177023,0.00556811680662975,0.0398888888888889,"M1",-0.0181731092320225,0,"Peripheral nodes","k__Bacteria","p__Proteobacteria","c__Deltaproteobacteria","o__Syntrophobacterales","f__Syntrophobacteraceae","g__","s__"
"OTU_7988","OTU_7988",10,1365,0.0011380328262477,0.000394939704327036,0.0103333333333333,"M5",2.12132034355964,0.5,"Peripheral nodes","k__Bacteria","p__Actinobacteria","c__Acidimicrobiia","o__Acidimicrobiales","f__OM1 clade","g__","s__"
"OTU_3117","OTU_3117",27,2181,0.0013613090733975,0.00404137327870896,0.0205555555555556,"M1",1.26432917085642,0.203017832647462,"Peripheral nodes","k__Bacteria","p__Gemmatimonadetes","c__Gemmatimonadetes","o__BD2-11 terrestrial group","f__","g__","s__"
"OTU_1178","OTU_1178",9,45,0.00126455450392228,0.0015675203412049,0.0157777777777778,"M1",-0.215481152322553,0,"Peripheral nodes","k__Bacteria","p__Latescibacteria","c__","o__","f__","g__","s__"
"OTU_7098","OTU_7098",26,283,0.00139037707024265,0.00710731862187498,0.014,"M1",1.46163721394695,0,"Peripheral nodes","k__Bacteria","p__Proteobacteria","c__Alphaproteobacteria","o__Rhodospirillales","f__Rhodospirillaceae","g__","s__"
"OTU_7595","OTU_7595",1,0,0.000998362528193229,0.000168351224904145,0.0124444444444444,"M1",-1.00471332468467,0,"Peripheral nodes","k__Bacteria","p__Deferribacteres","c__","o__","f__","g__Caldithrix","s__"
"OTU_1810","OTU_1810",11,399,0.00128611219480708,0.00128302077167424,0.0164444444444444,"M1",-0.412789195413083,0.462809917355372,"Peripheral nodes","k__Bacteria","p__SHA-109","c__","o__","f__","g__","s__"
"OTU_3263","OTU_3263",7,121,0.00129669404886494,0.00417654344266872,0.014,"M1",-0.412789195413083,0,"Peripheral nodes","k__Bacteria","p__Chloroflexi","c__Anaerolineae","o__Anaerolineales","f__Anaerolineaceae","g__","s__"
"OTU_7355","OTU_7355",11,76,0.00125305958899076,0.00430722425404995,0.0144444444444444,"M1",-0.0181731092320225,0,"Peripheral nodes","k__Bacteria","p__Bacteroidetes","c__Flavobacteriia","o__Flavobacteriales","f__Flavobacteriaceae","g__Robiginitalea","s__"
"OTU_1897","OTU_1897",41,74,0.00128600610136689,0.888937862445811,0.0323333333333333,"M2",1.34563091155631,0,"Peripheral nodes","k__Bacteria","p__Firmicutes","c__Bacilli","o__Lactobacillales","f__Lactobacillaceae","g__Lactobacillus","s__"
"OTU_3204","OTU_3204",3,1,0.00106523086869932,0.000590356044072609,0.0101111111111111,"M1",-0.807405281594143,0,"Peripheral nodes","k__Bacteria","p__Lentisphaerae","c__R76-B128","o__","f__","g__","s__"
"OTU_7378","OTU_7378",1,0,0.000787709012024045,1.34054108452665e-06,0.0116666666666667,"M5",-0.707106781186547,0,"Peripheral nodes","k__Bacteria","p__Acidobacteria","c__Holophagae","o__Subgroup 10","f__Sva0725","g__","s__"
"OTU_3283","OTU_3283",14,384,0.00130606078219518,0.00492841614012178,0.0144444444444444,"M1",0.277788955403773,0,"Peripheral nodes","k__Bacteria","p__Chloroflexi","c__Anaerolineae","o__Anaerolineales","f__Anaerolineaceae","g__","s__"
"OTU_850","OTU_850",6,52,0.00131059648142213,0.0152041616115354,0.0416666666666667,"M1",-0.610097238503613,0.277777777777778,"Peripheral nodes","k__Bacteria","p__Bacteroidetes","c__Cytophagia","o__Cytophagales","f__Cytophagaceae","g__Mangrovibacterium","s__"
"OTU_7456","OTU_7456",5,406,0.00117371802598091,0.00062789695010048,0.014,"M3",-0.441300630899172,0.48,"Peripheral nodes","k__Bacteria","p__Acidobacteria","c__Subgroup 26","o__","f__","g__","s__"
"OTU_7333","OTU_7333",7,13,0.00126578116850778,0.00245450310655072,0.0212222222222222,"M1",-0.412789195413083,0,"Peripheral nodes","k__Bacteria","p__Proteobacteria","c__Gammaproteobacteria","o__Chromatiales","f__Ectothiorhodospiraceae","g__","s__"
"OTU_8150","OTU_8150",6,134,0.00114860277594901,0.000681702965471911,0.0143333333333333,"M1",-0.610097238503613,0.277777777777778,"Peripheral nodes","k__Bacteria","p__Proteobacteria","c__Gammaproteobacteria","o__Cellvibrionales","f__Halieaceae","g__","s__"
"OTU_3272","OTU_3272",2,11,0.00102440284759503,0.000188921084452226,0.0222222222222222,"M1",-0.906059303139408,0,"Peripheral nodes","k__Bacteria","p__Gemmatimonadetes","c__Gemmatimonadetes","o__PAUC43f marine benthic group","f__","g__","s__"
"OTU_3262","OTU_3262",5,739,0.000985051638727265,4.27015674816039e-05,0.0105555555555556,"M5",1.41421356237309,0.32,"Peripheral nodes","k__Bacteria","p__Acidobacteria","c__Holophagae","o__Subgroup 10","f__Sva0725","g__","s__"
"OTU_7632","OTU_7632",9,668,0.00119527708942576,0.0028353644521681,0.0221111111111111,"M1",-0.215481152322553,0,"Peripheral nodes","k__Bacteria","p__Chloroflexi","c__Anaerolineae","o__Anaerolineales","f__Anaerolineaceae","g__","s__"
"OTU_7364","OTU_7364",3,3,0.0012083800331512,0.0137406209343039,0.0402222222222222,"M1",-0.906059303139408,0.444444444444444,"Peripheral nodes","k__Bacteria","p__Actinobacteria","c__Acidimicrobiia","o__Acidimicrobiales","f__OM1 clade","g__","s__"
"OTU_2203","OTU_2203",6,366,0.00108704148539813,0.000159670002973513,0.0121111111111111,"M3",0.695897148725617,0,"Peripheral nodes","k__Bacteria","p__Gemmatimonadetes","c__Gemmatimonadetes","o__BD2-11 terrestrial group","f__","g__","s__"
"OTU_3129","OTU_3129",12,207,0.00137119670120739,0.0204397744482125,0.0317777777777778,"M1",-0.0181731092320225,0.152777777777778,"Peripheral nodes","k__Bacteria","p__Acidobacteria","c__Holophagae","o__Subgroup 10","f__Sva0725","g__","s__"
"OTU_8222","OTU_8222",1,0,0.000797014272075226,2.91310131911636e-06,0.0143333333333333,"M18",NA,NA,NA,"k__Bacteria","p__Proteobacteria","c__Epsilonproteobacteria","o__Campylobacterales","f__Helicobacteraceae","g__Sulfurovum","s__"
"OTU_3154","OTU_3154",20,837,0.00142419161625105,0.0214347475595539,0.0188888888888889,"M1",0.771059063130098,0.095,"Peripheral nodes","k__Bacteria","p__Chloroflexi","c__Anaerolineae","o__Anaerolineales","f__Anaerolineaceae","g__","s__"
"OTU_1843","OTU_1843",5,45,0.0011123567802115,0.00029515280647376,0.0284444444444444,"M3",0.127298258913223,0.32,"Peripheral nodes","k__Bacteria","p__Proteobacteria","c__Gammaproteobacteria","o__KI89A clade","f__","g__","s__"
"OTU_2252","OTU_2252",23,136,0.00110791647731997,0.496522268308605,0.0121111111111111,"M2",0.136242796870472,0,"Peripheral nodes","k__Bacteria","p__Actinobacteria","c__Acidimicrobiia","o__Acidimicrobiales","f__Acidimicrobiaceae","g__CL500-29 marine group","s__"
"OTU_1900","OTU_1900",16,1615,0.00128321293173345,0.00336229840710441,0.0117777777777778,"M1",0.277788955403773,0.2265625,"Peripheral nodes","k__Bacteria","p__Acidobacteria","c__Acidobacteria","o__Subgroup 21","f__","g__","s__"
"OTU_3188","OTU_3188",2,0,0.00113775414016937,0.000406210504251464,0.015,"M1",-0.906059303139408,0,"Peripheral nodes","k__Bacteria","p__Verrucomicrobia","c__Spartobacteria","o__Chthoniobacterales","f__LD29","g__","s__"
"OTU_3211","OTU_3211",13,4,0.00107660449023046,0.331117540040265,0.0112222222222222,"M2",-0.535639489066102,0,"Peripheral nodes","k__Bacteria","p__Verrucomicrobia","c__Opitutae","o__Opitutae vadinHA64","f__","g__","s__"
"OTU_360","OTU_360",26,1236,0.00110074019805855,0.57919046315245,0.0181111111111111,"M2",0.337807482651445,0,"Peripheral nodes","k__Bacteria","p__Synergistetes","c__Synergistia","o__Synergistales","f__Synergistaceae","g__Thermovirga","s__"
"OTU_655","OTU_655",4,0,0.0010329575589803,0.112129895340557,0.016,"M2",-1.14033354640902,0,"Peripheral nodes","k__Bacteria","p__Proteobacteria","c__Deltaproteobacteria","o__Desulfovibrionales","f__Desulfovibrionaceae","g__Desulfovibrio","s__"
"OTU_7723","OTU_7723",8,11,0.00127002390373851,0.0063837326433574,0.0133333333333333,"M1",-0.314135173867818,0,"Peripheral nodes","k__Bacteria","p__Proteobacteria","c__Gammaproteobacteria","o__Xanthomonadales","f__","g__","s__"
"OTU_3352","OTU_3352",13,229,0.00128748894671685,0.00322750418418506,0.0148888888888889,"M1",0.179134933858508,0,"Peripheral nodes","k__Bacteria","p__Bacteroidetes","c__Sphingobacteriia","o__Sphingobacteriales","f__WCHB1-69","g__","s__"
"OTU_1199","OTU_1199",1,0,0.000860303723629004,1.00797382548567e-05,0.0143333333333333,"M5",-0.707106781186547,0,"Peripheral nodes","k__Bacteria","p__Actinobacteria","c__Acidimicrobiia","o__Acidimicrobiales","f__OM1 clade","g__","s__"
"OTU_9506","OTU_9506",17,4,0.00108615363572859,0.379848920066157,0.016,"M2",-0.266886574691473,0,"Peripheral nodes","k__Bacteria","p__Firmicutes","c__Bacilli","o__Bacillales","f__Bacillaceae","g__Bacillus","s__"
"OTU_3222","OTU_3222",26,4,0.00109027730980153,0.640600406712545,0.0277777777777778,"M2",0.337807482651445,0,"Peripheral nodes","k__Bacteria","p__Firmicutes","c__Bacilli","o__Bacillales","f__Bacillaceae","g__Oceanobacillus","s__Oceanobacillus indicireducens"
"OTU_1912","OTU_1912",23,0,0.00108658248600663,0.595652680208515,0.0156666666666667,"M2",0.136242796870472,0,"Peripheral nodes","k__Bacteria","p__Caldiserica","c__Caldisericia","o__Caldisericales","f__TTA-B1","g__","s__"
"OTU_3112","OTU_3112",7,19,0.00125498488790984,0.0185126234257183,0.0267777777777778,"M1",-0.511443216958348,0.244897959183674,"Peripheral nodes","k__Bacteria","p__Gemmatimonadetes","c__Gemmatimonadetes","o__PAUC43f marine benthic group","f__","g__","s__"
"OTU_1185","OTU_1185",46,3112,0.00133015935541801,0.949424628895393,0.0477777777777778,"M2",1.68157205452459,0,"Peripheral nodes","k__Bacteria","p__Thermotogae","c__Thermotogae","o__Thermotogales","f__Thermotogaceae","g__EM3","s__"
"OTU_1892","OTU_1892",46,420,0.00129387199713592,0.941172443748527,0.0477777777777778,"M2",1.68157205452459,0,"Peripheral nodes","k__Bacteria","p__Synergistetes","c__Synergistia","o__Synergistales","f__Synergistaceae","g__Anaerobaculum","s__"
"OTU_1914","OTU_1914",30,140,0.00110669495313837,0.660321251481534,0.0146666666666667,"M2",0.606560397026074,0,"Peripheral nodes","k__Bacteria","p__Acetothermia","c__","o__","f__","g__","s__"
"OTU_7344","OTU_7344",8,30,0.0012924167698657,0.0056818464934476,0.0114444444444444,"M1",-0.314135173867818,0,"Peripheral nodes","k__Bacteria","p__Proteobacteria","c__Deltaproteobacteria","o__Syntrophobacterales","f__Syntrophaceae","g__Desulfobacca","s__"
"OTU_7670","OTU_7670",2,2,0.00105837739030051,0.000500212320615072,0.0102222222222222,"M1",-0.906059303139408,0,"Peripheral nodes","k__Bacteria","p__Latescibacteria","c__","o__","f__","g__","s__"
"OTU_1811","OTU_1811",16,13,0.00109817817854482,0.376891786688094,0.0153333333333333,"M2",-0.33407480328513,0,"Peripheral nodes","k__Bacteria","p__Bacteroidetes","c__Sphingobacteriia","o__Sphingobacteriales","f__Chitinophagaceae","g__Ferruginibacter","s__"
"OTU_1826","OTU_1826",21,3965,0.00151520915631864,0.0893317792093467,0.0394444444444444,"M1",0.573751020039568,0.308390022675737,"Peripheral nodes","k__Bacteria","p__Chloroflexi","c__Anaerolineae","o__Anaerolineales","f__Anaerolineaceae","g__","s__"
"OTU_126","OTU_126",50,5832,0.00138204420708926,1,0.188333333333333,"M2",1.81594851171191,0.0768,"Peripheral nodes","k__Bacteria","p__Firmicutes","c__Bacilli","o__Bacillales","f__Bacillaceae","g__Lentibacillus","s__"
"OTU_902","OTU_902",43,112,0.00128348279994642,0.921138892434365,0.0866666666666667,"M2",1.48000736874362,0,"Peripheral nodes","k__Bacteria","p__Firmicutes","c__Bacilli","o__Bacillales","f__Bacillaceae","g__Oceanobacillus","s__"
"OTU_9207","OTU_9207",2,334,0.000880310581795818,0.010122437444324,0.0291111111111111,"M23",NA,NA,NA,"k__Bacteria","p__Bacteroidetes","c__Sphingobacteriia","o__Sphingobacteriales","f__Chitinophagaceae","g__Ferruginibacter","s__"
"OTU_351","OTU_351",49,883,0.00134828317472495,0.970977120816816,0.0421111111111111,"M2",1.81594851171191,0.0399833402748855,"Peripheral nodes","k__Bacteria","p__Proteobacteria","c__Alphaproteobacteria","o__Rhodospirillales","f__Acetobacteraceae","g__Acetobacter","s__"
"OTU_264","OTU_264",45,120,0.00130416517465862,0.952871254442506,0.136111111111111,"M2",1.54719559733728,0.0434567901234568,"Peripheral nodes","k__Bacteria","p__Firmicutes","c__Bacilli","o__Bacillales","f__Thermoactinomycetaceae","g__Kroppenstedtia","s__"
"OTU_7606","OTU_7606",8,67,0.0013484777463269,0.0178373199818537,0.014,"M1",-0.412789195413083,0.21875,"Peripheral nodes","k__Bacteria","p__Acidobacteria","c__Acidobacteria","o__Subgroup 6","f__","g__","s__"
"OTU_429","OTU_429",8,120,0.00118517840804371,0.00185130576613122,0.0408888888888889,"M1",-0.314135173867818,0,"Peripheral nodes","k__Bacteria","p__Chloroflexi","c__Anaerolineae","o__Anaerolineales","f__Anaerolineaceae","g__","s__"
"OTU_3118","OTU_3118",20,1625,0.00142844791553931,0.0217158707504461,0.013,"M1",0.672405041584833,0.185,"Peripheral nodes","k__Bacteria","p__Proteobacteria","c__Deltaproteobacteria","o__Myxococcales","f__Sandaracinaceae","g__","s__"
"OTU_1820","OTU_1820",11,421,0.00138445224866583,0.0155490215794242,0.0288888888888889,"M1",-0.215481152322553,0.314049586776859,"Peripheral nodes","k__Bacteria","p__Chloroflexi","c__Anaerolineae","o__Anaerolineales","f__Anaerolineaceae","g__","s__"
"OTU_1173","OTU_1173",31,239,0.00119053632982845,0.762309220342078,0.0222222222222222,"M2",0.673748625619732,0,"Peripheral nodes","k__Bacteria","p__Synergistetes","c__Synergistia","o__Synergistales","f__Synergistaceae","g__","s__"
"OTU_3337","OTU_3337",8,0,0.00104377221920126,0.195298619720609,0.0128888888888889,"M2",-0.87158063203439,0,"Peripheral nodes","k__Bacteria","p__Bacteroidetes","c__Sphingobacteriia","o__Sphingobacteriales","f__Sphingobacteriaceae","g__Pedobacter","s__"
"OTU_7370","OTU_7370",3,112,0.00121691691632079,0.0138017679522662,0.0154444444444444,"M19",NA,NA,NA,"k__Bacteria","p__Acidobacteria","c__Holophagae","o__Subgroup 10","f__Sva0725","g__","s__"
"OTU_7594","OTU_7594",16,1137,0.00136241784254105,0.00820435435132673,0.0132222222222222,"M1",0.376442976949038,0.1171875,"Peripheral nodes","k__Bacteria","p__Chloroflexi","c__Anaerolineae","o__Anaerolineales","f__Anaerolineaceae","g__","s__"
"OTU_428","OTU_428",30,4323,0.00145329618849362,0.437943800557445,0.114333333333333,"M2",-0.266886574691473,0.517777777777778,"Peripheral nodes","k__Bacteria","p__Proteobacteria","c__Deltaproteobacteria","o__Desulfobacterales","f__Desulfobulbaceae","g__","s__"
"OTU_1866","OTU_1866",47,623,0.00131012927444251,0.970058286464487,0.0376666666666667,"M2",1.74876028311825,0,"Peripheral nodes","k__Bacteria","p__Firmicutes","c__Clostridia","o__Thermoanaerobacterales","f__Thermodesulfobiaceae","g__Coprothermobacter","s__"
"OTU_1890","OTU_1890",3,6,0.00117922875680319,0.00133738058312145,0.0257777777777778,"M1",-0.807405281594143,0,"Peripheral nodes","k__Bacteria","p__Proteobacteria","c__Gammaproteobacteria","o__Cellvibrionales","f__Halieaceae","g__Haliea","s__"
"OTU_7395","OTU_7395",30,462,0.00143859981327836,0.016290673752099,0.0173333333333333,"M1",1.85625330012801,0,"Peripheral nodes","k__Bacteria","p__Chloroflexi","c__Anaerolineae","o__Anaerolineales","f__Anaerolineaceae","g__","s__"
"OTU_7330","OTU_7330",42,2568,0.00152775176732569,0.0142119393011237,0.0126666666666667,"M1",2.94144753712593,0.046485260770975,"Module hubs","k__Bacteria","p__Proteobacteria","c__Gammaproteobacteria","o__Xanthomonadales","f__JTB255 marine benthic group","g__","s__"
"OTU_1848","OTU_1848",41,64,0.00111870430267969,0.880674565870531,0.0376666666666667,"M2",1.34563091155631,0,"Peripheral nodes","k__Bacteria","p__Firmicutes","c__Bacilli","o__Lactobacillales","f__Streptococcaceae","g__Lactococcus","s__"
"OTU_3285","OTU_3285",23,9,0.00109088558459917,0.565653125425784,0.0175555555555556,"M2",0.136242796870472,0,"Peripheral nodes","k__Bacteria","p__Firmicutes","c__Bacilli","o__Bacillales","f__Thermoactinomycetaceae","g__Kroppenstedtia","s__"
"OTU_3419","OTU_3419",17,11,0.00106364888215178,0.410833124160285,0.0151111111111111,"M2",-0.266886574691473,0,"Peripheral nodes","k__Bacteria","p__Firmicutes","c__Bacilli","o__Bacillales","f__Bacillaceae","g__Bacillus","s__"
"OTU_1902","OTU_1902",17,267,0.00129814516080527,0.00726393889703827,0.0218888888888889,"M1",0.573751020039568,0,"Peripheral nodes","k__Bacteria","p__Proteobacteria","c__Alphaproteobacteria","o__Rhodospirillales","f__Rhodospirillaceae","g__Pelagibius","s__"
"OTU_8226","OTU_8226",19,429,0.00138780216431323,0.00793108257624334,0.0291111111111111,"M1",0.771059063130098,0,"Peripheral nodes","k__Bacteria","p__Chloroflexi","c__Anaerolineae","o__Anaerolineales","f__Anaerolineaceae","g__","s__"
"OTU_1204","OTU_1204",31,20,0.00108197911265565,0.744608820639319,0.017,"M2",0.673748625619732,0,"Peripheral nodes","k__Bacteria","p__Firmicutes","c__Bacilli","o__Bacillales","f__Bacillaceae","g__Bacillus","s__"
"OTU_7654","OTU_7654",22,1317,0.00140822333633037,0.0109215957955884,0.0174444444444444,"M1",0.968367106220628,0.0867768595041323,"Peripheral nodes","k__Bacteria","p__Proteobacteria","c__Gammaproteobacteria","o__Xanthomonadales","f__JTB255 marine benthic group","g__","s__"
"OTU_3197","OTU_3197",41,1028,0.00139092150874216,0.0121285571848633,0.0126666666666667,"M1",2.94144753712593,0,"Module hubs","k__Bacteria","p__Bacteroidetes","c__Cytophagia","o__Cytophagales","f__Cytophagaceae","g__Mangrovibacterium","s__"
"OTU_3311","OTU_3311",1,0,0.000861941478940406,9.98727678471923e-06,0.0118888888888889,"M5",-0.707106781186547,0,"Peripheral nodes","k__Bacteria","p__Proteobacteria","c__Alphaproteobacteria","o__Rhodospirillales","f__Rhodospirillaceae","g__","s__"
"OTU_3137","OTU_3137",2,0,0.00105759406753085,0.00108322504577341,0.0134444444444444,"M19",NA,NA,NA,"k__Bacteria","p__Bacteroidetes","c__Sphingobacteriia","o__Sphingobacteriales","f__Saprospiraceae","g__","s__"
"OTU_653","OTU_653",16,117,0.00128421604099258,0.00574200337838186,0.0147777777777778,"M1",0.376442976949038,0.1171875,"Peripheral nodes","k__Bacteria","p__Proteobacteria","c__Deltaproteobacteria","o__Desulfobacterales","f__Nitrospinaceae","g__","s__"
"OTU_1163","OTU_1163",41,1272,0.00150459322976015,0.0312187704200715,0.0233333333333333,"M1",2.7441394940354,0.0939916716240333,"Module hubs","k__Bacteria","p__Proteobacteria","c__Epsilonproteobacteria","o__Campylobacterales","f__Helicobacteraceae","g__Sulfurovum","s__"
"OTU_1189","OTU_1189",7,475,0.00131394395239322,0.0146353449085221,0.031,"M1",-0.511443216958348,0.244897959183674,"Peripheral nodes","k__Bacteria","p__Proteobacteria","c__Gammaproteobacteria","o__E01-9C-26 marine group","f__","g__","s__"
"OTU_8130","OTU_8130",3,0,0.00105090253009377,0.00054337939187935,0.0151111111111111,"M1",-0.807405281594143,0,"Peripheral nodes","k__Bacteria","p__Proteobacteria","c__","o__","f__","g__Candidatus Thiobios","s__"
"OTU_1184","OTU_1184",26,16,0.00109739195675798,0.647098477077079,0.0165555555555556,"M2",0.337807482651445,0,"Peripheral nodes","k__Bacteria","p__Acetothermia","c__","o__","f__","g__","s__"
"OTU_8206","OTU_8206",13,0,0.00106872536817867,0.352138004241512,0.0114444444444444,"M2",-0.535639489066102,0,"Peripheral nodes","k__Bacteria","p__Synergistetes","c__Synergistia","o__Synergistales","f__Synergistaceae","g__Anaerobaculum","s__"
"OTU_666","OTU_666",1,0,0.000872995521386016,0.0169438856975678,0.0126666666666667,"M2",-1.34189823218999,0,"Peripheral nodes","k__Bacteria","p__Marinimicrobia (SAR406 clade)","c__","o__","f__","g__","s__"
"OTU_3344","OTU_3344",1,0,0.000927663008557324,8.44693661758989e-05,0.026,"M1",-1.00471332468467,0,"Peripheral nodes","k__Bacteria","p__Proteobacteria","c__Deltaproteobacteria","o__Desulfobacterales","f__Desulfobacteraceae","g__","s__"
"OTU_8019","OTU_8019",5,1085,0.00108506105852528,0.000339157278986119,0.0101111111111111,"M5",0.707106781186547,0.48,"Peripheral nodes","k__Bacteria","p__Bacteroidetes","c__Sphingobacteriia","o__Sphingobacteriales","f__Saprospiraceae","g__","s__"
"OTU_3329","OTU_3329",2,334,0.000988220410347066,9.72150398480238e-05,0.0132222222222222,"M18",NA,NA,NA,"k__Bacteria","p__Proteobacteria","c__Deltaproteobacteria","o__Desulfobacterales","f__Desulfobulbaceae","g__SEEP-SRB4","s__"
